-- №1
-- MariaDB dump 10.17  Distrib 10.4.15-MariaDB, for Linux (x86_64)
--
-- Host: mysql.hostinger.ro    Database: u574849695_18
-- ------------------------------------------------------
-- Server version	10.4.15-MariaDB-cll-lve

/*!40101 SET @OLD_CHARACTER_SET_CLIENT=@@CHARACTER_SET_CLIENT */;
/*!40101 SET @OLD_CHARACTER_SET_RESULTS=@@CHARACTER_SET_RESULTS */;
/*!40101 SET @OLD_COLLATION_CONNECTION=@@COLLATION_CONNECTION */;
/*!40101 SET NAMES utf8mb4 */;
/*!40103 SET @OLD_TIME_ZONE=@@TIME_ZONE */;
/*!40103 SET TIME_ZONE='+00:00' */;
/*!40014 SET @OLD_UNIQUE_CHECKS=@@UNIQUE_CHECKS, UNIQUE_CHECKS=0 */;
/*!40014 SET @OLD_FOREIGN_KEY_CHECKS=@@FOREIGN_KEY_CHECKS, FOREIGN_KEY_CHECKS=0 */;
/*!40101 SET @OLD_SQL_MODE=@@SQL_MODE, SQL_MODE='NO_AUTO_VALUE_ON_ZERO' */;
/*!40111 SET @OLD_SQL_NOTES=@@SQL_NOTES, SQL_NOTES=0 */;
DROP DATABASE IF EXISTS vk;
CREATE DATABASE vk;
USE vk;
--
-- Table structure for table `communities`
--

DROP TABLE IF EXISTS `communities`;
/*!40101 SET @saved_cs_client     = @@character_set_client */;
/*!40101 SET character_set_client = utf8 */;
CREATE TABLE `communities` (
  `id` bigint(20) unsigned NOT NULL AUTO_INCREMENT,
  `name` varchar(150) COLLATE utf8mb4_unicode_ci DEFAULT NULL,
  `admin_user_id` bigint(20) unsigned NOT NULL,
  UNIQUE KEY `id` (`id`),
  KEY `communities_name_idx` (`name`),
  KEY `admin_user_id` (`admin_user_id`),
  CONSTRAINT `communities_ibfk_1` FOREIGN KEY (`admin_user_id`) REFERENCES `users` (`id`)
) ENGINE=InnoDB AUTO_INCREMENT=101 DEFAULT CHARSET=utf8mb4 COLLATE=utf8mb4_unicode_ci;
/*!40101 SET character_set_client = @saved_cs_client */;

--
-- Dumping data for table `communities`
--

LOCK TABLES `communities` WRITE;
/*!40000 ALTER TABLE `communities` DISABLE KEYS */;
INSERT INTO `communities` VALUES (1,'possimus',101),(2,'natus',102),(3,'accusantium',103),(4,'magni',104),(5,'cupiditate',107),(6,'sunt',108),(7,'doloremque',109),(8,'culpa',110),(9,'eum',112),(10,'beatae',114),(11,'qui',119),(12,'iste',121),(13,'neque',122),(14,'molestias',125),(15,'accusamus',126),(16,'non',129),(17,'et',132),(18,'nisi',133),(19,'laudantium',138),(20,'exercitationem',139),(21,'cumque',142),(22,'excepturi',143),(23,'in',144),(24,'recusandae',145),(25,'qui',147),(26,'animi',148),(27,'assumenda',150),(28,'officia',153),(29,'reiciendis',154),(30,'consectetur',155),(31,'quam',156),(32,'saepe',157),(33,'quam',158),(34,'mollitia',160),(35,'blanditiis',161),(36,'dicta',163),(37,'non',164),(38,'id',166),(39,'sint',168),(40,'consequatur',169),(41,'recusandae',170),(42,'doloremque',171),(43,'vitae',172),(44,'rem',173),(45,'illo',174),(46,'veniam',176),(47,'tempore',178),(48,'sint',179),(49,'repellat',181),(50,'minus',182),(51,'aut',183),(52,'nostrum',185),(53,'ipsam',186),(54,'quia',187),(55,'dolor',191),(56,'quaerat',192),(57,'id',193),(58,'quo',194),(59,'facere',196),(60,'voluptatum',197),(61,'aspernatur',198),(62,'ullam',101),(63,'recusandae',102),(64,'in',103),(65,'voluptates',104),(66,'laudantium',107),(67,'nobis',108),(68,'non',109),(69,'ea',110),(70,'pariatur',112),(71,'et',114),(72,'neque',119),(73,'ratione',121),(74,'inventore',122),(75,'saepe',125),(76,'libero',126),(77,'aut',129),(78,'porro',132),(79,'sequi',133),(80,'ea',138),(81,'deleniti',139),(82,'qui',142),(83,'non',143),(84,'qui',144),(85,'qui',145),(86,'facilis',147),(87,'ducimus',148),(88,'qui',150),(89,'voluptatem',153),(90,'deleniti',154),(91,'cumque',155),(92,'itaque',156),(93,'unde',157),(94,'nobis',158),(95,'possimus',160),(96,'distinctio',161),(97,'fugiat',163),(98,'est',164),(99,'consequuntur',166),(100,'sapiente',168);
/*!40000 ALTER TABLE `communities` ENABLE KEYS */;
UNLOCK TABLES;

--
-- Table structure for table `friend_requests`
--

DROP TABLE IF EXISTS `friend_requests`;
/*!40101 SET @saved_cs_client     = @@character_set_client */;
/*!40101 SET character_set_client = utf8 */;
CREATE TABLE `friend_requests` (
  `initiator_user_id` bigint(20) unsigned NOT NULL,
  `target_user_id` bigint(20) unsigned NOT NULL,
  `status` enum('requested','approved','declined','unfriended') COLLATE utf8mb4_unicode_ci DEFAULT NULL,
  `requested_at` datetime DEFAULT current_timestamp(),
  `updated_at` datetime DEFAULT NULL ON UPDATE current_timestamp(),
  PRIMARY KEY (`initiator_user_id`,`target_user_id`),
  KEY `target_user_id` (`target_user_id`),
  CONSTRAINT `friend_requests_ibfk_1` FOREIGN KEY (`initiator_user_id`) REFERENCES `users` (`id`),
  CONSTRAINT `friend_requests_ibfk_2` FOREIGN KEY (`target_user_id`) REFERENCES `users` (`id`)
) ENGINE=InnoDB DEFAULT CHARSET=utf8mb4 COLLATE=utf8mb4_unicode_ci;
/*!40101 SET character_set_client = @saved_cs_client */;

--
-- Dumping data for table `friend_requests`
--

LOCK TABLES `friend_requests` WRITE;
/*!40000 ALTER TABLE `friend_requests` DISABLE KEYS */;
INSERT INTO `friend_requests` VALUES (1,1,'unfriended','1981-06-14 08:26:47','2011-11-24 02:55:36'),(2,2,'declined','2011-03-26 01:07:12','1984-12-30 10:11:36'),(3,3,'declined','1997-11-25 03:08:14','2019-03-29 22:48:18'),(4,4,'unfriended','2015-02-12 08:45:23','1981-12-08 14:48:47'),(5,5,'declined','2019-05-01 10:19:34','1981-08-05 17:08:45'),(6,6,'declined','2009-10-08 17:51:22','1993-11-28 23:31:10'),(7,7,'approved','1985-02-20 15:27:40','1970-05-22 18:50:38'),(8,8,'approved','1989-04-24 03:44:57','2000-01-21 22:34:03'),(9,9,'unfriended','2014-05-28 09:33:02','2016-04-27 13:40:00'),(10,10,'declined','1987-10-28 18:22:21','2014-06-22 01:05:54'),(11,11,'declined','2015-04-28 15:17:40','1987-04-05 13:29:04'),(12,12,'unfriended','1998-07-11 05:07:31','2003-06-01 02:20:41'),(13,13,'requested','1986-09-29 18:17:36','2000-09-18 06:03:26'),(14,14,'approved','1997-08-05 15:16:20','2001-10-02 08:22:54'),(15,15,'unfriended','1983-05-27 18:56:16','2013-11-18 11:12:20'),(16,16,'unfriended','1994-08-02 14:26:07','1982-03-27 21:51:47'),(17,17,'unfriended','1973-04-30 07:02:50','1970-11-22 19:14:57'),(18,18,'declined','2011-01-03 01:15:37','1997-10-18 00:32:10'),(19,19,'approved','1989-01-16 15:12:34','2011-09-14 10:27:59'),(20,20,'unfriended','2020-12-16 09:17:10','1987-04-28 15:49:49'),(21,21,'declined','2019-07-08 08:11:58','1985-08-04 12:23:01'),(22,22,'unfriended','2004-05-27 05:43:31','1997-12-15 11:46:38'),(23,23,'unfriended','1999-03-19 10:04:08','1998-05-21 06:07:30'),(24,24,'unfriended','1977-08-27 05:31:40','2011-09-15 06:21:08'),(25,25,'requested','2010-02-26 18:12:08','2009-09-26 21:21:41'),(26,26,'requested','2018-11-29 08:45:35','2008-01-15 20:02:18'),(27,27,'requested','1991-11-26 20:49:21','1975-05-15 05:09:10'),(28,28,'declined','1973-10-06 14:58:12','1983-07-19 03:46:10'),(29,29,'declined','2012-01-19 04:24:53','2011-03-08 06:02:12'),(30,30,'requested','1976-07-05 23:04:48','2010-04-16 02:05:26'),(31,31,'requested','2004-01-22 10:13:44','2004-02-09 14:40:37'),(32,32,'unfriended','1995-05-24 07:42:50','1993-10-26 16:24:00'),(33,33,'declined','1992-07-07 00:53:23','2017-10-26 16:22:32'),(34,34,'unfriended','2008-11-30 05:51:32','2008-11-16 03:10:49'),(35,35,'approved','1996-04-02 04:36:54','2005-06-29 21:25:47'),(36,36,'unfriended','2016-12-25 03:58:42','1973-12-10 11:02:31'),(37,37,'requested','2017-10-27 01:42:31','1998-04-01 23:44:52'),(38,38,'requested','1983-05-22 13:22:19','2003-09-23 20:37:57'),(39,39,'unfriended','1995-03-27 17:45:39','1982-01-07 13:40:18'),(40,40,'approved','2002-08-22 04:47:36','2017-12-10 01:37:26'),(41,41,'declined','1977-04-22 02:43:33','1993-01-15 09:38:35'),(42,42,'requested','2009-02-13 06:24:54','2005-05-30 09:44:06'),(43,43,'approved','1994-05-22 22:39:41','2008-09-02 19:53:03'),(44,44,'unfriended','2009-03-29 09:36:16','2004-01-05 07:09:09'),(45,45,'declined','2012-10-24 00:22:54','2010-09-10 15:25:25'),(46,46,'declined','1970-10-13 16:28:34','2007-03-08 10:32:53'),(47,47,'unfriended','1983-05-19 03:46:23','2005-08-30 00:20:42'),(48,48,'declined','2006-01-28 20:02:09','1991-01-04 16:17:56'),(49,49,'approved','2005-04-12 23:37:23','1991-01-16 15:37:24'),(50,50,'declined','2001-06-30 21:14:06','2009-03-26 10:08:06'),(51,51,'approved','1992-07-09 13:33:20','1973-06-14 21:20:24'),(52,52,'approved','1980-10-07 20:35:09','1982-02-19 02:22:33'),(53,53,'declined','1977-06-14 13:26:30','1981-04-18 02:42:47'),(54,54,'unfriended','2016-04-18 05:25:55','2002-11-25 20:23:23'),(55,55,'unfriended','2010-04-04 08:53:02','2020-05-22 08:33:21'),(56,56,'approved','1977-10-22 19:03:50','2009-01-20 17:18:56'),(57,57,'declined','1984-01-17 10:08:32','1979-09-10 02:09:55'),(58,58,'approved','2013-10-19 10:36:07','1970-04-28 21:29:14'),(59,59,'requested','2007-07-07 20:55:44','2004-01-23 15:51:01'),(60,60,'approved','1989-12-10 12:07:35','2015-06-16 15:13:47'),(61,61,'requested','2002-01-09 20:47:32','1983-10-28 14:37:33'),(62,62,'approved','1996-02-12 09:50:50','2007-07-04 11:49:42'),(63,63,'unfriended','1981-01-16 18:21:48','1989-03-16 07:24:22'),(64,64,'declined','1994-10-01 03:08:18','1971-04-10 11:39:59'),(65,65,'unfriended','2011-12-04 01:04:55','1981-02-06 01:42:12'),(66,66,'unfriended','1989-07-18 10:15:11','1999-01-09 16:04:53'),(67,67,'requested','2016-12-21 03:59:18','2001-04-30 06:15:05'),(68,68,'approved','2008-01-31 08:15:03','1970-08-30 19:55:55'),(69,69,'approved','1991-11-17 01:04:10','2010-04-20 16:15:13'),(70,70,'approved','2015-10-08 11:04:03','2011-01-05 19:36:21'),(71,71,'requested','1979-01-08 22:06:43','1988-07-18 13:20:42'),(72,72,'requested','1982-03-03 12:16:29','2020-11-28 06:46:40'),(73,73,'declined','2007-05-13 19:55:13','1989-10-01 03:04:20'),(74,74,'approved','1988-04-27 10:20:03','1975-12-28 05:42:04'),(75,75,'requested','1982-07-22 01:28:08','2015-09-22 01:13:12'),(76,76,'requested','1978-11-16 14:59:13','1978-11-19 15:21:28'),(77,77,'requested','2008-11-04 17:12:39','1997-10-22 19:42:04'),(78,78,'declined','1997-11-11 23:37:18','2002-09-02 18:44:27'),(79,79,'approved','2000-08-14 06:10:31','2007-02-08 07:08:55'),(80,80,'unfriended','1992-08-18 08:29:10','1983-03-26 10:34:02'),(81,81,'declined','2010-07-03 18:35:56','2010-09-13 01:57:22'),(82,82,'requested','1992-11-05 03:16:36','2015-08-02 19:45:40'),(83,83,'requested','2001-03-08 00:14:07','1993-09-01 16:42:49'),(84,84,'requested','2012-04-29 09:44:22','2010-06-25 15:56:26'),(85,85,'approved','2000-04-19 10:02:00','1981-09-29 14:18:40'),(86,86,'unfriended','1982-04-29 07:23:07','2021-02-28 19:22:05'),(87,87,'declined','1989-07-16 03:37:26','2010-05-19 09:59:08'),(88,88,'approved','1990-12-23 06:08:34','1972-04-06 02:53:44'),(89,89,'requested','1974-10-27 13:48:01','2014-09-06 22:05:13'),(90,90,'declined','2002-02-02 07:13:52','2003-11-24 18:16:37'),(91,91,'declined','2007-05-21 22:46:51','1997-07-10 11:13:18'),(92,92,'declined','2000-02-27 21:38:00','2015-06-06 02:40:06'),(93,93,'requested','1993-12-30 09:19:09','2002-02-26 03:26:24'),(94,94,'approved','2006-02-01 00:06:57','2013-10-01 06:28:57'),(95,95,'declined','1970-07-10 00:08:34','2019-03-07 07:02:23'),(96,96,'unfriended','2015-03-21 18:12:04','2011-12-29 20:11:17'),(97,97,'unfriended','2008-05-03 14:35:21','1998-11-29 07:21:43'),(98,98,'declined','2012-07-14 10:19:28','2000-12-17 04:04:05'),(99,99,'declined','2016-04-23 19:26:29','1994-11-19 18:02:02'),(100,100,'unfriended','2005-04-12 16:11:58','1988-08-20 20:47:05');
/*!40000 ALTER TABLE `friend_requests` ENABLE KEYS */;
UNLOCK TABLES;

--
-- Table structure for table `likes`
--

DROP TABLE IF EXISTS `likes`;
/*!40101 SET @saved_cs_client     = @@character_set_client */;
/*!40101 SET character_set_client = utf8 */;
CREATE TABLE `likes` (
  `id` bigint(20) unsigned NOT NULL AUTO_INCREMENT,
  `user_id` bigint(20) unsigned NOT NULL,
  `media_id` bigint(20) unsigned NOT NULL,
  `created_at` datetime DEFAULT current_timestamp(),
  UNIQUE KEY `id` (`id`)
) ENGINE=InnoDB AUTO_INCREMENT=101 DEFAULT CHARSET=utf8mb4 COLLATE=utf8mb4_unicode_ci;
/*!40101 SET character_set_client = @saved_cs_client */;

--
-- Dumping data for table `likes`
--

LOCK TABLES `likes` WRITE;
/*!40000 ALTER TABLE `likes` DISABLE KEYS */;
INSERT INTO `likes` VALUES (1,1,1,'2001-02-08 16:06:52'),(2,2,2,'1984-05-24 19:11:23'),(3,3,3,'2016-05-11 16:22:32'),(4,4,4,'2015-01-23 23:40:39'),(5,5,5,'1997-01-09 08:55:32'),(6,6,6,'2015-03-11 03:26:38'),(7,7,7,'1990-05-18 17:15:26'),(8,8,8,'2016-01-28 08:38:30'),(9,9,9,'2005-05-23 20:51:50'),(10,10,10,'1999-01-05 04:14:12'),(11,11,11,'2002-07-04 23:14:50'),(12,12,12,'1982-07-08 10:08:59'),(13,13,13,'1982-04-29 18:28:48'),(14,14,14,'1984-06-19 01:46:32'),(15,15,15,'2010-03-17 12:25:34'),(16,16,16,'2004-07-01 07:49:59'),(17,17,17,'1992-10-23 18:02:25'),(18,18,18,'1984-04-13 12:03:11'),(19,19,19,'1993-04-25 15:02:44'),(20,20,20,'2013-10-29 22:43:45'),(21,21,21,'2020-05-26 00:35:10'),(22,22,22,'2009-08-28 04:59:36'),(23,23,23,'2003-07-10 22:19:51'),(24,24,24,'1993-03-25 15:11:53'),(25,25,25,'1977-01-30 11:47:50'),(26,26,26,'2011-07-06 19:26:12'),(27,27,27,'1993-02-25 09:28:12'),(28,28,28,'1977-08-13 04:02:53'),(29,29,29,'1973-07-19 07:34:56'),(30,30,30,'1992-04-23 00:12:40'),(31,31,31,'1995-07-02 10:10:20'),(32,32,32,'2006-11-23 14:56:31'),(33,33,33,'1971-06-29 18:41:51'),(34,34,34,'1992-03-10 14:51:02'),(35,35,35,'1976-10-07 04:36:42'),(36,36,36,'2016-08-02 03:30:57'),(37,37,37,'1993-05-21 21:05:26'),(38,38,38,'2018-02-09 17:26:22'),(39,39,39,'1972-09-04 13:56:42'),(40,40,40,'1980-11-09 00:43:13'),(41,41,41,'1987-06-21 10:58:56'),(42,42,42,'2009-09-15 22:36:52'),(43,43,43,'2013-07-07 13:13:58'),(44,44,44,'1995-10-26 11:32:22'),(45,45,45,'2015-01-02 16:29:18'),(46,46,46,'2012-05-20 09:22:25'),(47,47,47,'2018-07-31 11:25:55'),(48,48,48,'1974-09-16 06:13:21'),(49,49,49,'1982-08-31 00:31:32'),(50,50,50,'1992-02-27 10:06:17'),(51,51,51,'2011-02-12 08:13:55'),(52,52,52,'1986-11-09 00:53:33'),(53,53,53,'1986-06-16 08:24:58'),(54,54,54,'1991-07-07 03:04:57'),(55,55,55,'1986-10-23 10:56:24'),(56,56,56,'1990-10-23 07:26:08'),(57,57,57,'1991-12-28 00:59:09'),(58,58,58,'2019-01-16 13:07:43'),(59,59,59,'1993-11-09 07:03:51'),(60,60,60,'1989-09-08 16:54:49'),(61,61,61,'2010-06-09 15:28:20'),(62,62,62,'2004-03-28 01:20:32'),(63,63,63,'1971-08-10 18:29:17'),(64,64,64,'1973-12-24 02:58:06'),(65,65,65,'1982-11-07 03:01:43'),(66,66,66,'2000-12-27 23:54:22'),(67,67,67,'2014-10-29 01:26:17'),(68,68,68,'1999-10-01 14:56:20'),(69,69,69,'1984-11-27 16:46:29'),(70,70,70,'1993-09-15 21:22:16'),(71,71,71,'2011-04-03 12:23:22'),(72,72,72,'1970-02-12 11:31:02'),(73,73,73,'1995-02-10 07:15:05'),(74,74,74,'1982-06-05 12:14:10'),(75,75,75,'1974-09-28 01:19:03'),(76,76,76,'2001-06-17 03:25:24'),(77,77,77,'1973-10-25 23:40:02'),(78,78,78,'1985-08-16 15:00:44'),(79,79,79,'2004-12-24 14:31:36'),(80,80,80,'2015-10-07 22:09:27'),(81,81,81,'1989-11-14 14:20:47'),(82,82,82,'2006-11-27 21:01:23'),(83,83,83,'1998-04-19 19:24:14'),(84,84,84,'2006-11-25 12:14:01'),(85,85,85,'1980-06-21 06:25:44'),(86,86,86,'1977-03-12 16:54:44'),(87,87,87,'2014-11-08 17:30:26'),(88,88,88,'2016-12-30 18:39:16'),(89,89,89,'1970-09-24 23:03:05'),(90,90,90,'2021-02-15 15:26:43'),(91,91,91,'2004-12-17 07:09:19'),(92,92,92,'2004-05-18 20:09:47'),(93,93,93,'2001-08-04 11:46:41'),(94,94,94,'1994-04-07 13:37:35'),(95,95,95,'1983-03-31 03:02:02'),(96,96,96,'1997-04-25 04:18:42'),(97,97,97,'1984-05-21 10:33:38'),(98,98,98,'2019-05-26 05:24:17'),(99,99,99,'2008-03-22 17:07:04'),(100,100,100,'1986-10-07 11:21:12');
/*!40000 ALTER TABLE `likes` ENABLE KEYS */;
UNLOCK TABLES;

--
-- Table structure for table `media`
--

DROP TABLE IF EXISTS `media`;
/*!40101 SET @saved_cs_client     = @@character_set_client */;
/*!40101 SET character_set_client = utf8 */;
CREATE TABLE `media` (
  `id` bigint(20) unsigned NOT NULL AUTO_INCREMENT,
  `media_type_id` bigint(20) unsigned NOT NULL,
  `user_id` bigint(20) unsigned NOT NULL,
  `body` text COLLATE utf8mb4_unicode_ci DEFAULT NULL,
  `filename` varchar(255) COLLATE utf8mb4_unicode_ci DEFAULT NULL,
  `size` int(11) DEFAULT NULL,
  `metadata` longtext CHARACTER SET utf8mb4 COLLATE utf8mb4_bin DEFAULT NULL CHECK (json_valid(`metadata`)),
  `created_at` datetime DEFAULT current_timestamp(),
  `updated_at` datetime DEFAULT NULL ON UPDATE current_timestamp(),
  UNIQUE KEY `id` (`id`),
  KEY `user_id` (`user_id`),
  KEY `media_type_id` (`media_type_id`),
  CONSTRAINT `media_ibfk_1` FOREIGN KEY (`user_id`) REFERENCES `users` (`id`),
  CONSTRAINT `media_ibfk_2` FOREIGN KEY (`media_type_id`) REFERENCES `media_types` (`id`)
) ENGINE=InnoDB AUTO_INCREMENT=101 DEFAULT CHARSET=utf8mb4 COLLATE=utf8mb4_unicode_ci;
/*!40101 SET character_set_client = @saved_cs_client */;

--
-- Dumping data for table `media`
--

LOCK TABLES `media` WRITE;
/*!40000 ALTER TABLE `media` DISABLE KEYS */;
INSERT INTO `media` VALUES (1,1,101,'Eaque voluptatem esse distinctio est labore non dolor. Et alias ut reprehenderit omnis aut qui. Eum consequuntur quaerat laboriosam. Voluptatem numquam earum modi est rem quo et.','minus',13765930,NULL,'1974-10-20 16:53:58','2017-12-19 16:00:52'),(2,2,102,'Cum non impedit vero sapiente sint id ullam. Quas assumenda fuga occaecati rerum aut iste exercitationem. Similique nemo quibusdam ut architecto.','omnis',0,NULL,'1972-07-05 15:30:51','1984-04-07 06:46:43'),(3,3,103,'Nesciunt totam quibusdam eaque consequatur. Aut non quia rerum aliquid.','qui',0,NULL,'1983-10-11 11:47:19','1986-12-11 00:21:43'),(4,4,104,'Recusandae ad quasi natus qui dolor aut. Expedita suscipit voluptas eos soluta facilis et sed. Corrupti et suscipit eos incidunt quasi quis.','voluptates',692,NULL,'1975-10-25 21:43:12','1993-05-03 22:10:21'),(5,1,107,'Inventore nulla neque aliquam architecto. Quasi tempora perferendis commodi dolorem officia. Eius quia voluptas quas velit repellendus ut.','dolor',0,NULL,'1990-10-28 04:55:17','1974-11-07 12:42:32'),(6,2,108,'Et omnis aut eaque veritatis earum et. Quisquam sapiente blanditiis nostrum consequatur et. Molestiae nihil alias expedita dolor. Dolor totam ut sapiente aperiam.','autem',92148,NULL,'1976-08-30 22:36:08','1994-07-17 09:47:00'),(7,3,109,'Sit amet aliquid aut aperiam aut aliquid facere quia. Neque et autem aut repudiandae inventore doloremque. Et molestias illo culpa pariatur ut.','consequatur',6861854,NULL,'2012-02-12 21:45:59','1979-03-10 10:33:27'),(8,4,110,'Hic hic dolores nemo dolorem. Facilis et quo delectus. Ex dolor blanditiis tenetur omnis eos ullam in.','doloribus',482,NULL,'1978-06-09 21:42:17','1995-03-08 07:14:20'),(9,1,112,'Quasi facere pariatur modi vel voluptas nobis laudantium debitis. Praesentium provident et a et. Omnis eos fuga est in.','rerum',266,NULL,'1985-05-11 20:34:14','2018-07-07 09:42:25'),(10,2,114,'Doloremque voluptatum sed dignissimos praesentium explicabo corrupti aspernatur. Alias dolorem similique eos. Quidem voluptatibus exercitationem ut non temporibus. Ut ipsum sunt enim ut.','aut',7,NULL,'2015-01-26 07:44:18','2009-03-13 20:21:50'),(11,3,119,'Veniam at voluptatem non magni. Doloremque sunt dolorum beatae rerum esse aut. Nisi recusandae autem praesentium reprehenderit non.','voluptatem',5789,NULL,'2007-03-01 16:28:20','1987-05-29 08:37:47'),(12,4,121,'Perspiciatis ut atque ut vero distinctio sunt. Reprehenderit corrupti qui qui voluptate. Qui quia laborum iusto sunt corporis magnam est.','eum',10082,NULL,'1987-09-10 22:39:42','1999-10-23 07:48:07'),(13,1,122,'Id sunt et quod blanditiis nostrum eum. Quia ducimus natus odit dolorem accusamus eos. Rem consequuntur laudantium deleniti et incidunt eius.','reiciendis',545,NULL,'1985-01-27 05:01:26','1990-09-16 01:14:55'),(14,2,125,'Incidunt fugiat ut consequatur. Adipisci aut enim ex aliquam. Pariatur recusandae adipisci exercitationem dolorum nobis vel.','delectus',58767470,NULL,'2020-07-16 00:48:22','2009-01-16 02:37:31'),(15,3,126,'Sint omnis consequatur eos assumenda pariatur aut suscipit. Alias tenetur suscipit voluptatibus in quia. Qui dolor officiis maxime quasi.','magni',0,NULL,'1985-06-06 07:11:47','1990-11-15 13:43:06'),(16,4,129,'Quis ad delectus et et vitae saepe incidunt. Et ut nihil et et ea. Aut temporibus velit facilis molestias repellat blanditiis harum. Explicabo vel eaque distinctio distinctio quo facere praesentium voluptatem.','molestiae',8434,NULL,'2018-12-26 16:35:29','2014-08-10 07:15:38'),(17,1,132,'Doloremque consequatur maiores reprehenderit mollitia deleniti doloribus. Cum et perspiciatis voluptatibus qui quam id asperiores. Maiores praesentium aut rerum harum et sapiente. Et velit beatae architecto perferendis incidunt. Reiciendis facilis quaerat distinctio laudantium.','vel',6246,NULL,'2015-07-22 04:23:20','1981-06-25 07:03:42'),(18,2,133,'Error et quidem vero est dicta corporis autem ipsum. Dolor dolores non rem rerum neque et non. Sapiente quibusdam asperiores consectetur blanditiis doloribus temporibus nisi.','dolorem',0,NULL,'1978-06-13 08:03:02','1978-10-01 20:25:10'),(19,3,138,'Ex molestiae eaque in aut. Molestias ratione aspernatur iure cum doloribus reprehenderit sit consequatur. Omnis consequatur et dolore mollitia sed libero quia.','eligendi',4,NULL,'2021-01-24 19:24:39','2018-05-29 17:35:44'),(20,4,139,'Corrupti rerum qui error natus ipsam accusamus. Est quo minus sint ullam delectus. Deleniti quaerat aut illum molestiae odit ratione.','ullam',25830165,NULL,'1972-03-18 08:55:21','2005-09-08 00:53:03'),(21,1,142,'Sunt tempore accusantium aut est. Atque suscipit voluptatem repellat magnam eveniet recusandae. Et quia et error id consequatur fuga.','repellat',1,NULL,'1981-04-20 16:14:39','2007-03-13 16:47:44'),(22,2,143,'Numquam omnis est rem voluptates dolorem alias laborum. Aspernatur expedita nihil eos fugit et vero totam sit. Quia commodi hic laboriosam voluptas voluptatem. Harum et qui et earum.','rem',567,NULL,'2019-04-29 07:57:18','1981-02-22 00:36:34'),(23,3,144,'Nam facere est fugit laboriosam et voluptatem. Deserunt laudantium et totam voluptas sed. Facere ab nisi error at earum aperiam. Molestias et et aut autem consectetur vel.','laboriosam',246,NULL,'1992-03-12 02:39:01','2009-08-17 09:26:22'),(24,4,145,'Voluptates qui culpa velit voluptatem corporis ut dolores. Sit voluptatem nostrum accusantium possimus voluptatem qui. Quia molestias iure recusandae reprehenderit.','quae',0,NULL,'2015-04-24 00:08:59','1972-03-12 23:45:08'),(25,1,147,'Adipisci in nulla pariatur ad rerum beatae consequatur iste. Ut animi velit aperiam quia ipsam minima. Ad debitis perferendis perferendis officia culpa perferendis temporibus repellendus. Ex aut pariatur ut sit voluptate quod est.','voluptas',89092779,NULL,'1997-05-16 11:13:17','1991-08-08 04:24:05'),(26,2,148,'Voluptatem et sunt consectetur vel ipsa. Aut iusto ratione qui neque. Porro nam veritatis magnam temporibus sint.','id',0,NULL,'1991-02-03 16:00:10','2013-12-31 09:12:19'),(27,3,150,'Architecto architecto sapiente at distinctio rerum commodi. Dicta sed numquam sunt quae. Quia officiis et eligendi aut dolores iste optio.','quos',239146,NULL,'2000-08-27 11:43:29','1972-12-23 20:51:39'),(28,4,153,'Deserunt iure aut maxime aut ut. Dolores qui alias unde sit. Autem ut asperiores doloremque perspiciatis. Commodi sint et nihil velit repellendus fugit.','cupiditate',461993,NULL,'1995-07-07 23:32:39','1994-04-15 03:57:22'),(29,1,154,'Incidunt vitae omnis eligendi natus libero velit repellat. Reprehenderit sit autem inventore possimus. Deleniti fuga qui ducimus consequuntur voluptatem. Eum ut quia et nesciunt in.','rerum',496462600,NULL,'1992-10-04 13:00:51','2004-12-18 03:47:24'),(30,2,155,'Quaerat hic suscipit ducimus maxime autem fugit. Eum magnam ut nihil. Placeat dolorem numquam ut quas.','minus',8906699,NULL,'2003-03-28 23:43:18','1979-10-06 04:33:17'),(31,3,156,'Dolorem debitis et velit at deserunt ut. Excepturi sit minima ratione non. Quaerat hic optio voluptatem deserunt nobis et animi.','rem',99270700,NULL,'2019-05-10 15:30:10','1995-09-10 16:00:25'),(32,4,157,'Voluptatem ipsa optio totam dicta voluptates. Laudantium est et provident impedit. Reprehenderit quae et voluptatum eos non sit aperiam et. Voluptate facere cupiditate aut ipsam velit perferendis possimus.','maiores',530636,NULL,'1992-01-20 17:38:08','1985-05-16 10:19:56'),(33,1,158,'Cum accusamus ut a nulla consequuntur. Molestias non qui consequatur animi. Ratione dolorum eveniet consequatur voluptatem odio. Et dolore laboriosam temporibus nobis. Nostrum non voluptas consequatur magni non at vel.','rerum',95582,NULL,'2002-11-03 08:03:35','1989-04-30 10:46:50'),(34,2,160,'Officia est sequi earum. Voluptas repellat reiciendis similique earum eos consequatur. Esse ipsa aut earum nihil officiis facilis. Et sequi eum in velit.','reprehenderit',69953,NULL,'1976-07-09 03:01:12','2004-07-18 00:22:34'),(35,3,161,'Nisi non et aut ad nihil expedita modi. Quibusdam in minus similique quia fuga dolorem ut. Quasi voluptatum aut dolor quas at.','est',8,NULL,'1984-06-05 05:33:29','1987-03-07 10:38:31'),(36,4,163,'Nihil animi itaque ullam eaque et pariatur. A rerum et numquam illo maiores. Totam quis ducimus ratione omnis nisi.','neque',6835388,NULL,'1984-06-19 10:09:54','1980-09-12 22:21:47'),(37,1,164,'Ut reiciendis aut vitae itaque. Aut reprehenderit veritatis et enim et. In recusandae ipsa nesciunt culpa vel.','rerum',5334253,NULL,'2003-09-22 04:41:41','2019-01-27 20:49:52'),(38,2,166,'Fuga facilis temporibus ducimus et ut quasi. Reprehenderit corrupti laborum qui repellat beatae. Error voluptas officia unde sed adipisci rerum non. In corrupti est excepturi.','cupiditate',0,NULL,'2020-11-13 08:16:54','1997-09-29 20:46:58'),(39,3,168,'Qui soluta voluptas quod iure. Sit voluptates inventore est. Harum laborum qui aut alias.','dolorem',35437,NULL,'2016-08-28 01:00:44','2008-11-16 04:50:41'),(40,4,169,'Iure tempora laudantium molestiae omnis officia ut eligendi. Repudiandae vitae enim et non qui inventore quae. Quibusdam explicabo in quisquam ratione.','laboriosam',37289825,NULL,'2020-12-04 18:48:51','2009-02-15 17:54:24'),(41,1,170,'Beatae corrupti cum id corporis. Adipisci inventore molestias fugiat veritatis. Quidem quos praesentium necessitatibus officiis.','repellendus',3283,NULL,'2007-09-22 02:39:47','1986-05-15 20:06:36'),(42,2,171,'Dolores quia nam ipsum pariatur voluptatem culpa. Blanditiis accusamus est maxime quis laudantium dolorem labore. Libero qui reiciendis delectus reprehenderit impedit. Architecto accusantium enim odio enim non aspernatur.','dignissimos',90458,NULL,'1999-09-10 16:35:40','2006-06-20 19:46:27'),(43,3,172,'Velit reprehenderit voluptatem non dolorem velit tempore. Esse quia voluptas iure minus qui quaerat. Recusandae est ut laudantium porro fugit consequatur quae sunt. Odit dolores provident fugit veritatis.','voluptates',92335455,NULL,'1990-01-26 12:05:37','2011-10-05 08:57:05'),(44,4,173,'Rerum voluptas rerum id ipsam rerum magnam. Corrupti non officia nesciunt dolor reprehenderit minima. Aut numquam est ad rerum perferendis. Officiis in nemo praesentium quibusdam.','consequatur',4,NULL,'2006-09-28 16:01:06','1995-08-22 01:23:02'),(45,1,174,'Repudiandae libero molestias aliquid rem totam porro. Quasi repellendus est excepturi vero dolor ducimus. Praesentium consequatur delectus eius temporibus et repellendus. Similique neque quaerat nihil quasi sit.','earum',105160,NULL,'2002-08-30 02:44:32','1998-04-05 00:38:13'),(46,2,176,'In est suscipit ratione veritatis nihil. Enim ea repudiandae nesciunt et placeat quasi sed. Illum nostrum unde ut quam.','ratione',0,NULL,'1972-10-20 22:24:06','1982-05-23 23:58:23'),(47,3,178,'Vitae fugiat et dolor dolores et. Dolorem ut sunt illum labore ut fugiat dolorem. Et excepturi nam voluptatem.','dicta',33160943,NULL,'1985-07-16 00:05:31','1977-09-02 20:57:39'),(48,4,179,'Corporis et magnam atque quia ab dolores sint debitis. Rerum tenetur numquam sed saepe.','officiis',593812696,NULL,'2002-02-16 23:23:47','2011-05-14 21:02:32'),(49,1,181,'Laudantium inventore qui ex ut. Nihil beatae est ullam est corporis sunt eligendi. Ducimus et libero ducimus voluptatibus praesentium neque. Quo dignissimos minus est voluptates dolorem.','repellendus',612099971,NULL,'2007-03-19 23:16:54','2019-01-04 21:30:45'),(50,2,182,'Sit voluptatem sint placeat quibusdam. Et necessitatibus nihil itaque et aut. Qui harum est doloremque deserunt. Eius commodi velit voluptatem fugiat voluptas.','aspernatur',56,NULL,'1996-02-05 10:49:50','1990-02-08 17:32:01'),(51,3,183,'Aut quidem nihil sed iste quia. Doloremque aspernatur architecto adipisci eveniet quia aut inventore. Asperiores optio debitis a. Blanditiis cupiditate et ratione culpa cupiditate aut sed quia.','fugiat',77269,NULL,'1988-01-24 03:00:02','2008-03-14 19:07:03'),(52,4,185,'Tempora quaerat id officia deleniti temporibus. Voluptatem natus tempora nesciunt omnis nisi. Nostrum est in ea impedit accusamus corporis mollitia. Impedit alias quod illum tempora ab.','laboriosam',234,NULL,'1978-03-27 13:43:57','1987-11-10 22:03:26'),(53,1,186,'Explicabo alias ut eum aliquid aut mollitia dolorem rerum. Similique repellendus neque debitis odit. Occaecati ducimus omnis at veritatis tempora minima labore. Velit laborum odit et.','rem',41343109,NULL,'1974-03-30 14:14:12','1997-07-07 14:18:42'),(54,2,187,'Cum eos maiores placeat impedit ut est. Dicta velit quia blanditiis sit. Quaerat delectus a quas dicta modi totam reprehenderit et.','at',899987,NULL,'1970-08-14 03:51:58','2007-08-22 00:51:38'),(55,3,191,'Dolorum est commodi quisquam iure ea non. Eius consequatur illo ut tempore. Odio possimus est nisi sit sit similique et. Eveniet optio aliquid nulla voluptatem vel nam totam ab.','est',50,NULL,'2017-12-08 19:37:12','2018-04-05 12:28:13'),(56,4,192,'Ratione voluptas qui beatae cum aut rerum aspernatur. Reprehenderit repellendus ex error magni illum nesciunt ipsam. Et placeat rerum temporibus quo. In repudiandae perspiciatis et est. Atque consequatur fuga perspiciatis cupiditate voluptatem enim ipsum.','nemo',83,NULL,'1999-08-23 04:12:41','1982-12-17 16:25:31'),(57,1,193,'Aut accusantium qui dolores aut aut consequatur. Illum aut incidunt fuga enim quas dolores. Qui nesciunt sunt consequuntur maiores.','consequatur',838747,NULL,'1993-11-18 19:20:22','2009-07-04 13:23:54'),(58,2,194,'Possimus autem facere accusantium ut. Nulla corrupti ut rerum dolorum. Soluta itaque saepe est velit cupiditate.','neque',0,NULL,'2014-10-24 14:58:13','1975-04-09 11:15:44'),(59,3,196,'Ut voluptatem similique ipsa dolorum illum aperiam. Reiciendis quisquam id quaerat dignissimos omnis aut. Quod doloremque quia ipsum vel quia et. Animi asperiores vel dignissimos odio eos et.','natus',7,NULL,'1982-02-18 08:10:42','2016-03-22 10:44:16'),(60,4,197,'Officiis nulla ut velit magni ipsum perspiciatis et. Molestiae in ut quis blanditiis dolorem voluptatem. Dolores beatae voluptatem quibusdam veniam distinctio enim et ex.','et',13490,NULL,'2002-04-16 01:26:24','2013-07-10 12:07:28'),(61,1,198,'Itaque in odit ipsam adipisci quibusdam. Ut necessitatibus inventore velit quae sit. Incidunt consequuntur praesentium dolores eligendi non voluptatem. Consectetur delectus aut ut sed.','molestias',514001,NULL,'1980-06-06 10:16:44','2013-04-14 03:23:20'),(62,2,101,'Ea nobis est reprehenderit consequuntur enim. Fuga saepe commodi dolor sunt a rerum. Qui ut omnis exercitationem est dolorum necessitatibus.','quisquam',9323,NULL,'1971-02-10 12:30:34','1972-03-27 01:43:51'),(63,3,102,'In temporibus voluptatum esse. Quia aliquid architecto nesciunt voluptate est quod. Perspiciatis animi ut inventore. Non blanditiis et quo enim rerum illum.','alias',9811231,NULL,'1998-08-28 07:48:16','1981-01-03 17:56:43'),(64,4,103,'Perspiciatis vel cum incidunt laboriosam reprehenderit minima quos. Non cupiditate illum dignissimos quasi amet quia. Et rerum voluptas fugit. Vero nisi est numquam error porro hic.','maiores',1,NULL,'1975-04-14 23:34:12','2011-04-28 18:45:47'),(65,1,104,'Sit rerum expedita ad consequatur quaerat doloremque. Rem sint rerum expedita expedita quo minima.','magnam',890881,NULL,'1993-11-23 23:24:43','2012-11-04 00:05:51'),(66,2,107,'Nesciunt ut accusantium repellendus temporibus. Tempore dolor minima non consequatur molestiae quia nihil dolore. Ratione voluptatem eos cumque delectus repellat qui minus dolor. Vel voluptate quo quia. Non a earum reiciendis et reprehenderit ut.','nam',185490,NULL,'1985-10-02 15:32:25','2014-11-29 07:00:13'),(67,3,108,'Eum quis voluptates laborum. Amet tempore enim voluptas animi quis. Quis distinctio eligendi laudantium aut laboriosam.','non',10119,NULL,'1984-09-17 07:58:06','2015-12-10 00:28:13'),(68,4,109,'Nobis dolor nostrum labore assumenda vitae aut. Voluptatem maiores non est molestias qui. Autem numquam quidem natus voluptates eveniet consequatur. Voluptas enim voluptatem ullam.','autem',122393713,NULL,'1997-02-08 21:40:07','1983-04-22 02:03:48'),(69,1,110,'Magnam non earum vel hic quo assumenda quae. Autem aut voluptatem quisquam aperiam saepe. Earum perspiciatis ullam asperiores aliquid consequatur.','quo',73574,NULL,'2011-11-14 17:44:10','1979-10-16 22:42:36'),(70,2,112,'Tenetur voluptas voluptas voluptas exercitationem voluptas voluptatem ratione. Doloribus qui velit repellendus ea vero. Eligendi fugiat deserunt voluptas harum repellendus sapiente reiciendis.','et',26077088,NULL,'1971-09-11 21:28:50','1982-05-31 00:40:04'),(71,3,114,'Porro earum temporibus illum. Quae enim soluta est dolor mollitia ipsa. Non quis doloribus vitae.','natus',4432,NULL,'2012-10-02 11:15:20','1975-08-18 03:52:52'),(72,4,119,'Beatae recusandae quia aut saepe sapiente voluptas. Doloribus eius officiis vel cum ipsam. Cumque rerum asperiores esse excepturi delectus suscipit velit ea.','eos',1751,NULL,'2013-09-14 10:59:58','2014-09-09 05:15:31'),(73,1,121,'Rem expedita molestias eius illum. Omnis consequatur sequi aut et explicabo quae non aspernatur. Repellendus aut molestiae id fugiat quis soluta exercitationem expedita.','velit',964891,NULL,'1993-12-14 20:22:14','1974-05-12 22:53:28'),(74,2,122,'Unde ad optio sunt facere velit veritatis in. Dolorem iusto minima animi eum. Veritatis ipsum sapiente excepturi enim voluptates omnis aut.','ut',71838,NULL,'2000-01-06 01:15:09','1996-05-14 01:19:30'),(75,3,125,'Ratione omnis est aut perferendis et voluptatem atque. Cupiditate modi ipsa rem. Sit saepe voluptas qui voluptatem sapiente similique consequatur. Doloribus reiciendis laboriosam quia molestiae neque aperiam.','ex',8,NULL,'2015-10-31 16:59:23','1982-09-11 06:49:44'),(76,4,126,'Unde eius soluta a itaque qui cupiditate deserunt. Corrupti ab error et voluptas veritatis. Error consequatur minus unde nemo unde error. Voluptas non omnis quam officiis sint eius.','consequatur',282230,NULL,'2009-07-21 00:30:01','2018-11-06 22:03:13'),(77,1,129,'Sed accusantium atque voluptates non doloribus. Occaecati nihil hic nihil blanditiis non quod et et. Ut perferendis repellendus iusto aut ut et consectetur.','quo',15,NULL,'1982-01-14 04:05:24','1986-06-20 14:46:02'),(78,2,132,'Cum vitae eum dolorem amet vel dolor. Placeat sint quaerat quia optio rem sint. Explicabo molestiae ea atque in dolorem autem voluptatem rerum. Quo ratione minima architecto omnis adipisci voluptatem.','autem',0,NULL,'1977-04-16 01:30:55','1978-09-29 01:01:37'),(79,3,133,'Fugiat sapiente fuga et doloribus. Ipsa qui enim fugit sit tenetur asperiores. Dolore nesciunt quasi perspiciatis enim quia cum et nisi. Nam dolores iste tempora reiciendis tenetur.','ea',12324731,NULL,'1974-12-31 19:00:56','1995-07-23 04:07:56'),(80,4,138,'Laboriosam est est qui consequuntur aut saepe aut. Corrupti non sit itaque. Non iusto sed ad ut velit assumenda fugiat. Quos similique occaecati similique.','velit',0,NULL,'1991-09-29 01:04:16','2015-11-21 07:59:12'),(81,1,139,'Eos in est illo natus. Porro quis et pariatur expedita cupiditate nesciunt porro numquam. Est aliquid vel nobis cumque voluptates modi provident. Tenetur quo sint vel eos modi.','ut',621319349,NULL,'1982-03-05 05:59:51','1994-06-01 07:18:09'),(82,2,142,'Ab sed ipsa sed rerum et. Adipisci asperiores ut ea. Consequatur assumenda autem quod id aspernatur fugit. Autem et non quaerat voluptas qui debitis.','et',9822,NULL,'2004-03-30 11:57:36','2011-10-27 05:30:42'),(83,3,143,'Aspernatur eligendi beatae molestiae inventore qui autem rerum facere. Eum sed et laboriosam ut in. Tempore vel quos eum quisquam illum perspiciatis dolor.','voluptates',783471668,NULL,'1994-12-26 13:08:28','2016-07-19 18:49:05'),(84,4,144,'Nihil autem quia aut. Eos officia ullam repudiandae magnam dolores mollitia dolores.','quo',0,NULL,'1998-03-15 18:26:03','1973-12-03 01:09:37'),(85,1,145,'Eum in itaque quaerat fuga sit doloribus impedit. Cum ipsa similique et. Itaque vel commodi rem ut.','libero',326124,NULL,'2018-05-08 23:38:45','2013-12-30 20:09:05'),(86,2,147,'Minima ad dolore velit nulla. Qui voluptatem ut rerum nisi et nihil. Aut tenetur sapiente quia optio eligendi nobis qui.','expedita',138762111,NULL,'1990-10-23 03:36:39','2002-01-26 15:33:38'),(87,3,148,'Provident laudantium eaque amet. Velit ipsa id autem.','doloribus',9,NULL,'1996-02-15 00:19:09','1999-07-30 05:11:26'),(88,4,150,'Et nulla iure et aut assumenda rerum. Dolore laborum voluptatibus ipsam exercitationem. Sit maxime similique quibusdam quia. Illum perferendis nulla dolorum qui ut in.','ad',5770,NULL,'2001-12-17 21:12:50','1994-05-07 01:23:30'),(89,1,153,'Ut modi est quia quidem nostrum. Necessitatibus corrupti error necessitatibus quibusdam a qui exercitationem. Doloribus aspernatur quod consequuntur veritatis sed qui eum dolor. Exercitationem minima velit labore labore.','porro',34578,NULL,'2002-09-26 09:11:36','1994-03-27 08:00:16'),(90,2,154,'Id voluptatum vel nihil voluptate. Officia quidem reprehenderit iure veniam nulla accusantium repellendus. Sint temporibus velit eligendi tempore.','facilis',6630582,NULL,'1999-11-20 01:16:38','1985-04-28 22:22:42'),(91,3,155,'Est unde accusantium accusamus rem. Et accusamus adipisci a repellendus minima qui eum. Aut hic beatae ipsum enim pariatur saepe repudiandae. Impedit vel debitis dolorum ad vitae eum odit magnam.','in',637777,NULL,'1979-12-10 17:33:55','2003-09-18 03:39:40'),(92,4,156,'Amet perferendis quo eius est expedita corporis. Veritatis aut qui nam et dignissimos blanditiis autem. Voluptate dolores eligendi minima dolor laboriosam quae id. Et nobis aspernatur vero id qui laborum deleniti.','sapiente',190713,NULL,'1979-10-05 07:24:27','1976-10-30 11:32:07'),(93,1,157,'Sed saepe rerum tempore. Aperiam atque accusamus tempora officiis vel fuga. Et tempore earum a rerum magni quos. Harum quos optio ullam pariatur molestias.','et',84761,NULL,'2011-03-06 09:50:04','1984-08-24 15:18:29'),(94,2,158,'Dolorem sed molestiae repellat culpa voluptatibus autem. Sed et architecto maxime ad delectus culpa beatae. Eveniet ea in necessitatibus in. Sit minus ut consequatur ut ut aliquam doloremque. Laboriosam officiis et ut quidem non sequi consequatur.','repellat',2,NULL,'1990-01-25 19:40:51','2011-08-29 09:23:32'),(95,3,160,'Ab aut deleniti eos nihil. Molestiae laboriosam fuga rerum temporibus sint natus autem.','ut',9687209,NULL,'1997-06-05 18:47:45','1985-09-01 01:56:35'),(96,4,161,'Soluta tenetur et non quibusdam. Eius totam sit eius velit autem quis voluptate. Amet soluta at ex necessitatibus qui sint et. Id eius cupiditate aut hic natus quo error.','dolores',211964,NULL,'1986-01-29 12:08:46','1982-08-14 08:45:23'),(97,1,163,'Praesentium natus omnis praesentium quod. Similique esse modi sunt reprehenderit distinctio libero. Sed reiciendis blanditiis aperiam. Dolorem vel qui at quibusdam. Incidunt ut mollitia totam quaerat minus nulla ipsa doloremque.','illum',7,NULL,'2001-01-15 18:46:42','2016-06-28 18:46:46'),(98,2,164,'Officiis eum non nostrum eos qui facere sed. Esse enim et quis neque sunt qui ut. Eum sed harum sequi et accusantium autem maxime.','sed',651,NULL,'1983-09-18 05:31:19','1995-04-19 10:17:22'),(99,3,166,'Provident omnis laboriosam et sed aut consectetur. Dolor ut esse laboriosam provident qui repellat molestiae. Quos ullam consequatur veritatis reiciendis. Qui laudantium ut perspiciatis voluptas sint ut. Rem et dolores nisi consequatur earum odit dolor molestias.','a',9,NULL,'1980-12-06 02:19:26','1998-12-13 21:25:56'),(100,4,168,'Porro exercitationem omnis laudantium maiores omnis. Voluptates velit iure magni. Ducimus velit voluptate voluptatem voluptas.','enim',9069,NULL,'1970-01-25 08:10:15','1991-01-28 14:30:23');
/*!40000 ALTER TABLE `media` ENABLE KEYS */;
UNLOCK TABLES;

--
-- Table structure for table `media_types`
--

DROP TABLE IF EXISTS `media_types`;
/*!40101 SET @saved_cs_client     = @@character_set_client */;
/*!40101 SET character_set_client = utf8 */;
CREATE TABLE `media_types` (
  `id` bigint(20) unsigned NOT NULL AUTO_INCREMENT,
  `name` varchar(255) COLLATE utf8mb4_unicode_ci DEFAULT NULL,
  `created_at` datetime DEFAULT current_timestamp(),
  `updated_at` datetime DEFAULT NULL ON UPDATE current_timestamp(),
  UNIQUE KEY `id` (`id`)
) ENGINE=InnoDB AUTO_INCREMENT=5 DEFAULT CHARSET=utf8mb4 COLLATE=utf8mb4_unicode_ci;
/*!40101 SET character_set_client = @saved_cs_client */;

--
-- Dumping data for table `media_types`
--

LOCK TABLES `media_types` WRITE;
/*!40000 ALTER TABLE `media_types` DISABLE KEYS */;
INSERT INTO `media_types` VALUES (1,'est','2007-06-29 22:40:22','1990-04-08 15:08:44'),(2,'soluta','2014-11-30 00:02:42','2020-12-12 02:24:07'),(3,'qui','1986-11-28 01:40:37','1973-04-29 00:23:17'),(4,'animi','2014-05-14 17:18:45','2014-02-13 00:16:35');
/*!40000 ALTER TABLE `media_types` ENABLE KEYS */;
UNLOCK TABLES;

--
-- Table structure for table `messages`
--

DROP TABLE IF EXISTS `messages`;
/*!40101 SET @saved_cs_client     = @@character_set_client */;
/*!40101 SET character_set_client = utf8 */;
CREATE TABLE `messages` (
  `id` bigint(20) unsigned NOT NULL AUTO_INCREMENT,
  `from_user_id` bigint(20) unsigned NOT NULL,
  `to_user_id` bigint(20) unsigned NOT NULL,
  `body` text COLLATE utf8mb4_unicode_ci DEFAULT NULL,
  `created_at` datetime DEFAULT current_timestamp(),
  UNIQUE KEY `id` (`id`),
  KEY `from_user_id` (`from_user_id`),
  KEY `to_user_id` (`to_user_id`),
  CONSTRAINT `messages_ibfk_1` FOREIGN KEY (`from_user_id`) REFERENCES `users` (`id`),
  CONSTRAINT `messages_ibfk_2` FOREIGN KEY (`to_user_id`) REFERENCES `users` (`id`)
) ENGINE=InnoDB AUTO_INCREMENT=101 DEFAULT CHARSET=utf8mb4 COLLATE=utf8mb4_unicode_ci;
/*!40101 SET character_set_client = @saved_cs_client */;

--
-- Dumping data for table `messages`
--

LOCK TABLES `messages` WRITE;
/*!40000 ALTER TABLE `messages` DISABLE KEYS */;
INSERT INTO `messages` VALUES (1,1,1,'Neque tempore nobis et voluptatem corrupti repellat quod incidunt. Optio eveniet eius quia iure. Quia odit non quia nisi architecto. Aperiam sint est vel perferendis.','1986-10-22 13:33:43'),(2,2,2,'Tempora labore eaque dignissimos exercitationem. Unde nihil necessitatibus commodi. Nemo nam sapiente exercitationem hic.','2008-02-26 20:42:24'),(3,3,3,'Laborum inventore ut molestiae adipisci qui sed vero. Ullam dolorem sint beatae rerum aut voluptatum sed. Quam maiores totam dignissimos.','2018-06-03 21:28:32'),(4,4,4,'Nobis ut reprehenderit velit et perferendis. Consequatur dolorum sint animi totam harum maxime. Incidunt delectus dicta molestiae omnis et distinctio incidunt. Quis labore asperiores hic ut natus non a numquam.','1970-09-30 06:36:36'),(5,5,5,'Eligendi perferendis esse et ullam sed. Distinctio dolor debitis facilis at autem fugit. Dolor consequuntur libero qui quos et quidem alias.','1979-04-05 09:00:56'),(6,6,6,'Quos provident accusamus inventore alias aut et. Assumenda rerum sequi aperiam minima illo exercitationem veritatis. Recusandae sit dolorum et magni dolorem eaque voluptas.','1990-10-31 07:09:28'),(7,7,7,'Molestiae quo quas distinctio voluptates tempora recusandae perferendis. Sit itaque ab officia excepturi. Consectetur fugit enim aut non dicta.','2021-02-15 00:20:21'),(8,8,8,'Odit qui quaerat consequatur et laborum. Accusamus ut asperiores modi sit et eaque.','2011-06-15 07:19:09'),(9,9,9,'Totam rerum sit consequatur voluptatibus enim eum est. Reprehenderit nihil ut eos itaque quo et labore. Nulla fuga quisquam qui et.','1996-05-28 14:38:22'),(10,10,10,'Ut est cumque enim rerum. Quo ratione saepe sit esse et quis.','2018-11-24 00:52:19'),(11,11,11,'Quidem quo dolorum nemo deleniti. Nihil tenetur ipsam porro aut modi qui non. Perferendis excepturi ut enim quia illum. Illo eaque officiis porro nemo. Corporis quia ratione sunt voluptatem ea quae.','1984-12-11 11:05:52'),(12,12,12,'Est impedit maiores quaerat impedit. Sed voluptas ut excepturi iure. Sunt voluptatem ducimus quasi accusantium veniam. Itaque recusandae dolorem voluptatum magnam.','1996-02-26 08:25:28'),(13,13,13,'Quaerat quisquam laboriosam quam cum iure minus. Aliquid sequi saepe voluptatibus quis aliquam alias in. Quibusdam nihil rerum dolorum voluptatem.','1976-04-11 13:07:56'),(14,14,14,'Sed amet vel est facere dolore aliquam beatae. Ea hic fuga dolor aut deleniti. Minus vitae explicabo non saepe consectetur et porro. Quod veritatis quam excepturi qui.','2006-04-22 14:14:19'),(15,15,15,'Consectetur at nulla molestiae vitae rerum cumque. Similique et quod nobis praesentium quis. Consequatur corrupti nesciunt quis dolores dolorum quisquam a. Non distinctio eveniet assumenda est. Dolor itaque molestiae quo sint.','1999-04-25 03:17:12'),(16,16,16,'Quo nam cumque molestias sit id facere enim voluptatem. Tempore dolor ipsum et labore. Odio cumque cumque qui laborum deserunt quae eaque incidunt. Nulla necessitatibus repellat minima ut.','2012-11-17 11:37:39'),(17,17,17,'Libero eaque commodi quia dolorum quia est ut. Consequatur suscipit adipisci quis molestiae magni hic. Voluptas nihil velit id ducimus quia laborum aut. Aperiam beatae saepe qui minus sunt.','2012-04-24 11:34:57'),(18,18,18,'Deserunt est ullam aut corrupti. Veniam error possimus qui quo aliquam voluptatem. Illum non voluptatibus ea incidunt.','2003-04-10 21:03:46'),(19,19,19,'In dolores est quasi. Atque eaque sed incidunt omnis. Et beatae rerum asperiores nisi expedita. Molestias ipsa perspiciatis quis non voluptas.','1990-05-12 22:23:38'),(20,20,20,'Maxime amet voluptate recusandae inventore quidem laborum sapiente nisi. Voluptatem nisi eius voluptas iste voluptatem velit nesciunt quidem.','1989-02-12 16:14:14'),(21,21,21,'Ratione ipsa deserunt debitis repudiandae ipsam dolore nostrum. Voluptas voluptatem debitis architecto id. Aut cum voluptas velit quo aut eveniet. Et blanditiis dolores magni blanditiis aliquam quia cumque molestiae.','1970-01-17 06:34:59'),(22,22,22,'Ipsum cum culpa quia quia. Ut quam sunt eveniet aliquam molestiae. Et molestiae et enim. Odio impedit aut qui et.','2014-09-30 00:54:29'),(23,23,23,'Alias nemo blanditiis animi et. Eius eius error omnis sequi. Quo sed quod distinctio ex ipsa ipsam amet.','1992-11-18 04:40:12'),(24,24,24,'Veritatis eius aspernatur excepturi voluptas tenetur cupiditate sapiente. Ipsum qui similique pariatur eaque aut. Aspernatur illo ullam ut sit. Ab et excepturi inventore voluptas.','1993-03-12 09:59:16'),(25,25,25,'Accusantium rerum qui libero accusamus earum expedita. Et assumenda soluta quidem non. Qui aperiam vero nobis rem. Architecto sed praesentium officia magni eum velit laboriosam.','2009-12-25 02:25:28'),(26,26,26,'Cumque rerum porro voluptate maxime ut. Maiores quia qui deserunt voluptatem eum non.','1987-10-31 01:21:46'),(27,27,27,'Occaecati molestias sint sit iste inventore quos. Ipsa numquam itaque aperiam qui. Blanditiis similique ut voluptas. Voluptatum qui laborum sapiente aut quaerat.','2016-04-17 20:42:37'),(28,28,28,'Eaque odio voluptatibus vel reprehenderit. Sit cupiditate animi fuga dolore rerum molestiae. Nisi facere non aut consequatur sed est facere. Et nam sit alias vero sed.','1973-01-25 18:33:08'),(29,29,29,'Necessitatibus vel pariatur dolores architecto sapiente. Quibusdam et assumenda voluptas. Ea laudantium recusandae velit nisi. Nihil mollitia laboriosam fugit hic quaerat. Veniam quasi unde iusto nemo sit amet.','1991-07-18 15:45:29'),(30,30,30,'Optio enim est aut nihil necessitatibus nihil. Ut error aut eius nostrum aliquam. Ad et voluptatem quia nulla voluptas recusandae quia. Maiores consequuntur atque quo totam labore.','2005-05-25 10:51:02'),(31,31,31,'Vel sed fugiat ab assumenda ullam. Iusto vel provident eos odit corrupti. Autem aspernatur illum debitis sed. Recusandae fugiat molestiae recusandae et consectetur.','1996-10-15 21:29:37'),(32,32,32,'Accusantium sint commodi velit quaerat. Officia nihil et reiciendis tempora.','1990-08-21 10:13:01'),(33,33,33,'Et cumque sed velit quae quos reiciendis et animi. Voluptas voluptas praesentium et totam. Est quo deserunt et deserunt minus incidunt.','2002-07-09 02:23:27'),(34,34,34,'Est ipsam asperiores aliquid hic. Optio tempore amet ipsum odit similique ex. Est molestias quaerat sunt sed sint at.','1982-11-16 04:18:24'),(35,35,35,'Assumenda dolor quae delectus a. Commodi quasi possimus soluta accusantium et cumque velit excepturi. Aut occaecati quo tenetur aut voluptatem.','1988-08-19 09:27:32'),(36,36,36,'Eius nihil repudiandae aliquam quidem dolor debitis nulla. Recusandae temporibus corporis voluptas a suscipit sed nostrum.','2008-05-03 11:51:19'),(37,37,37,'Doloribus sit voluptate facilis laboriosam harum rem. Dolorem quia consequatur id aspernatur. Occaecati esse modi et iure.','1981-11-03 07:36:39'),(38,38,38,'Quibusdam amet placeat recusandae consectetur. Ullam non est culpa laboriosam velit dolorem et enim. Quia et officia et quam. Ad velit nulla dolor alias.','1989-09-14 06:04:31'),(39,39,39,'Totam aliquid dolores rerum porro aut hic nisi. Quae eveniet ut vel veritatis explicabo fugit placeat.','1993-09-27 06:27:58'),(40,40,40,'Similique qui ut eveniet illum incidunt. Tempore temporibus perferendis quia voluptatibus dolor sit. Quia harum qui aliquid quo nihil nostrum. Et nihil nisi voluptas odit.','1996-09-17 02:26:24'),(41,41,41,'Sit et sunt iure et. Eaque quod ea rerum dolorem. Consectetur illum mollitia ipsam eius autem sit fuga. Laudantium expedita et rerum.','1985-10-22 14:48:35'),(42,42,42,'Qui atque tempora quis facere atque nam dolor. Cupiditate iste fuga dolore aut eos. Velit sed iure et animi et rerum facilis laborum.','2020-05-10 05:51:06'),(43,43,43,'Reprehenderit repellat explicabo dolores saepe quam eum eveniet. Quaerat non accusantium qui sunt sed assumenda ratione. Sed illo eum harum non sint sed et. Est nihil quam neque architecto officia.','1989-05-05 17:43:16'),(44,44,44,'Cupiditate sed fugiat non architecto doloribus et. Quod ut vero autem enim laborum alias et ex.','1992-05-24 15:01:34'),(45,45,45,'Eum ut qui voluptas voluptatem asperiores delectus quidem. Laboriosam doloribus provident itaque inventore voluptatem. Neque nisi ea blanditiis sit eius et.','1982-10-19 05:14:32'),(46,46,46,'Eaque velit alias libero modi voluptatem. Voluptas nihil cupiditate incidunt est. Accusantium sunt doloribus rem modi.','1977-08-21 15:14:01'),(47,47,47,'Aliquid quos rerum et veniam natus repellat sint. Non ut ipsam quisquam voluptas consectetur mollitia. Eum quibusdam iste consequatur odio vero qui qui quis.','1984-06-24 12:46:41'),(48,48,48,'Eligendi officia assumenda repudiandae ut. Molestias ipsum ipsum sed perferendis. A nemo voluptas fugiat at. Id at sequi dicta ut ea nulla architecto. Iure cupiditate dolor doloribus maiores eos accusantium quod eligendi.','2000-03-27 16:45:20'),(49,49,49,'Corrupti et repellat aut ab sit. Recusandae facilis quis nam accusantium assumenda. Molestiae ut voluptatem necessitatibus. Eos non dolor esse aut.','1982-03-08 00:27:03'),(50,50,50,'Architecto id voluptates natus. Perspiciatis omnis veritatis velit autem ut quia.','1980-10-13 20:16:22'),(51,51,51,'Ut corporis quos aliquid quos. Eum corrupti fuga et quae impedit ut. Dolor ut non est nobis accusantium. Possimus reprehenderit nihil corporis quisquam molestiae est.','1983-12-26 13:50:45'),(52,52,52,'Aperiam voluptatem eum eligendi adipisci vel eos consequatur. Et eveniet aperiam ad consequatur natus voluptas.','2004-08-16 23:19:59'),(53,53,53,'Commodi nostrum saepe dolorem nesciunt. Perspiciatis illo soluta nihil vero distinctio error.','1995-07-15 03:11:55'),(54,54,54,'Sequi nemo sint et necessitatibus distinctio. Saepe provident et aut vel dolore aperiam sunt.','1985-03-03 00:08:45'),(55,55,55,'Rerum soluta harum non perspiciatis voluptatem placeat et. Non temporibus quisquam eius a. Quia ducimus ipsum consequatur aut voluptas. Dolores tenetur hic deleniti.','1997-02-25 02:47:11'),(56,56,56,'Non illo commodi totam quam libero quas. Vitae tempora porro cupiditate commodi corrupti. Voluptatibus perferendis aspernatur esse est minima.','1996-12-28 09:00:13'),(57,57,57,'Aliquam cumque molestiae magni occaecati veritatis quo sequi. Enim illum consequuntur aut veritatis blanditiis ipsam.','2017-04-01 21:14:35'),(58,58,58,'Labore impedit quidem nihil quasi nisi esse eos. Qui impedit voluptas non. Ut aspernatur sint aut ad voluptatem vitae et.','2018-08-24 18:45:45'),(59,59,59,'Explicabo exercitationem a dolorem maiores fugit. Rem quia provident facilis ut provident magnam qui.','1974-09-18 15:52:05'),(60,60,60,'Sed ea dolores porro impedit voluptatum iure blanditiis. Quia ut non quo. Rem aspernatur sit enim sed dolor eligendi.','1994-06-17 06:12:36'),(61,61,61,'Omnis est sed autem quos quia dolore. Non officiis suscipit est error modi ut incidunt velit. Aut est qui ipsam asperiores doloribus molestiae. Explicabo ut numquam quia qui enim temporibus.','2016-10-11 07:03:59'),(62,62,62,'Culpa nam possimus excepturi laboriosam dicta. Sapiente corporis qui voluptatem et aut quia. Unde fuga quasi nesciunt itaque praesentium porro est.','1978-03-05 08:26:03'),(63,63,63,'Numquam ratione qui non non aspernatur. Iure qui sint quo sed alias.','2017-11-17 15:05:51'),(64,64,64,'Aut et voluptatem ab numquam. Cupiditate voluptates ut atque sed quisquam ea. Debitis qui voluptates perspiciatis. Accusantium voluptates dolor ut dolor architecto et autem doloremque.','1977-07-23 12:40:27'),(65,65,65,'At perspiciatis necessitatibus exercitationem corrupti expedita commodi. Sit eligendi et vero dolor ut. Excepturi minima ut sapiente excepturi. Qui repudiandae recusandae ipsa autem dolorem voluptate.','1986-12-30 18:51:27'),(66,66,66,'Rerum labore nam sit voluptatem et error quam. Magnam commodi id laboriosam quo dolorem. Ut quo cumque fugiat aliquid illo. Voluptatem et qui aliquam quaerat voluptas est.','1986-07-04 21:08:04'),(67,67,67,'Soluta dolorem alias rerum. Sunt ab qui maxime culpa nam. Ut id quo velit beatae et totam.','1975-04-22 21:42:20'),(68,68,68,'In laudantium beatae laudantium nemo enim tempore. Ut sequi molestiae veniam. Harum qui cumque ut earum. Eveniet necessitatibus minima quis consequuntur consequatur.','1997-06-26 16:45:38'),(69,69,69,'Et itaque voluptates quas exercitationem. Dolor distinctio dignissimos voluptas maxime esse voluptas inventore. Delectus ducimus quod et voluptatibus et fugiat soluta.','2017-05-13 16:39:57'),(70,70,70,'Architecto qui qui aut ipsa aspernatur ut qui. Excepturi nobis ad quos et dolores inventore consectetur. Sed error et enim totam laborum et modi. Eum sed suscipit aspernatur.','2018-05-13 07:26:00'),(71,71,71,'Sint dolor culpa sunt ad qui. Omnis quos odit tempore adipisci illo ut. Reprehenderit earum provident nisi voluptas aut.','1999-07-27 23:28:09'),(72,72,72,'Nihil labore velit officia similique aut. Eveniet ab non beatae eveniet aut nisi natus. Ea error est esse non rerum.','2016-10-23 11:59:56'),(73,73,73,'Nesciunt aperiam vitae eaque ea sit. Maiores ipsam debitis magnam placeat provident. Ex quod autem et debitis maxime cumque.','1982-11-25 15:03:20'),(74,74,74,'Corporis nihil iusto et fugit et molestiae. Ex rerum quia error molestiae.','2014-01-12 01:08:59'),(75,75,75,'Aspernatur fugiat et asperiores consequatur laboriosam aliquam omnis. Deleniti ipsam fuga deserunt dolores. Nisi odio magni omnis nihil. Molestiae est magni est.','1982-04-12 18:35:06'),(76,76,76,'Nisi omnis sed quo et et autem consequatur. Vitae minus sunt tempore qui assumenda. Sint quibusdam quae deserunt non et illum quia. Voluptate nobis provident qui nam eos praesentium.','2001-01-26 21:49:39'),(77,77,77,'Eos sit ea sed quasi ullam quod. Accusamus quibusdam aut soluta sint facilis laboriosam similique reprehenderit. Laborum sed nobis dolor ex non.','1983-04-27 12:15:13'),(78,78,78,'Dolorem expedita nesciunt rem facilis quia nihil. Dolore sint sequi aut. Dolores eum placeat ipsum sed sit error.','1991-01-03 02:19:19'),(79,79,79,'Eum harum et error nesciunt. Iusto veritatis incidunt architecto sit. Aut distinctio repellat fugiat numquam. Eos minus et maiores architecto.','2021-01-23 10:00:53'),(80,80,80,'Quia quo illo culpa. Voluptas eaque facere consequatur culpa. Ratione nihil voluptatem tenetur sunt doloremque nisi provident. Labore voluptas non occaecati tenetur eos. Voluptate sapiente et non consectetur quia maiores eos.','2007-08-18 15:32:55'),(81,81,81,'Cumque nostrum velit dicta unde ut enim maxime modi. Dolorem omnis excepturi repudiandae quibusdam.','1979-05-03 03:00:00'),(82,82,82,'Quae eius sit facilis. Minima adipisci debitis fugit unde. Quae omnis sint cum eligendi ea consequuntur illum. Accusamus mollitia est qui culpa illo est modi quae. Occaecati odit fuga commodi consequatur dolor.','1979-06-26 02:45:32'),(83,83,83,'Accusamus tenetur minima eaque iste et numquam dolores. Omnis tempora cupiditate voluptas esse ratione. Harum ducimus consequatur aut accusamus. Dignissimos dolorem nemo voluptatem iure quia accusamus.','1984-06-02 13:46:16'),(84,84,84,'Odit est inventore rerum deleniti. Ad eum aperiam quos porro inventore id.','1998-12-18 22:17:09'),(85,85,85,'Consequatur voluptatibus qui fugit corrupti et minima quas. Ab quae iure nihil eum et. Aspernatur aut hic qui est dicta.','2010-02-11 00:36:29'),(86,86,86,'Autem sit aut maiores ullam aperiam. Ea cum qui nobis soluta eaque sit atque. Officia saepe eum est perferendis repellat praesentium. Id quaerat provident recusandae.','1999-09-02 10:14:28'),(87,87,87,'Ea hic tempora voluptates voluptatem optio asperiores. Ratione ipsa reprehenderit laudantium dolorum dolor consectetur. Hic animi repellat ea est. Debitis ipsum suscipit ullam molestias sit sint repellendus illum.','2001-07-05 14:42:40'),(88,88,88,'Quia error tempore quis dolores eos et. Eum doloribus ut explicabo sed iure quidem. Aut inventore quaerat quis numquam voluptatibus blanditiis error. Est quia non consequatur quae.','2006-12-06 18:07:48'),(89,89,89,'Odio ut aut atque magni suscipit cupiditate omnis. Nisi assumenda in et. Veniam qui exercitationem natus commodi assumenda quis.','1987-07-02 20:47:02'),(90,90,90,'Alias qui dicta quo corporis distinctio consequuntur non. Incidunt tempora quisquam officia aliquam perferendis excepturi amet. Modi possimus recusandae velit quas.','2000-08-26 04:13:33'),(91,91,91,'Consectetur quas officia ipsum et inventore. In optio non voluptas dolorem magni. Possimus aperiam molestiae sed non quibusdam perferendis qui. Dignissimos et ut facere libero omnis.','1993-11-21 21:20:55'),(92,92,92,'Facilis atque voluptatem quo vel accusamus esse officia minus. Nesciunt ipsam vel laboriosam nesciunt similique sit esse veniam. Reprehenderit nesciunt dolorum et assumenda ut quibusdam.','1998-10-18 07:08:17'),(93,93,93,'Dicta totam et tempora tempora suscipit. Aperiam sit consequatur enim quam dolores. Non perferendis dolor voluptas pariatur non sapiente incidunt.','1999-04-26 08:05:14'),(94,94,94,'Praesentium eveniet asperiores non optio et pariatur voluptatem molestiae. Magni debitis officiis omnis vero qui. Reiciendis ut est quos aut ut. Autem explicabo nisi et consequuntur non.','1993-06-08 11:08:08'),(95,95,95,'Aperiam ex labore qui incidunt ex enim. Quia ut tempore laboriosam cumque. A illum vel porro et sequi deserunt sit nulla.','1980-07-09 07:48:00'),(96,96,96,'Sunt labore aliquam iusto excepturi aliquid ad quod esse. Eum earum dolorem corrupti rerum sint. Hic eos voluptas quos ducimus. Mollitia qui qui sunt odit illo ducimus.','2002-04-14 18:08:09'),(97,97,97,'Omnis suscipit dolor assumenda perspiciatis magnam ad omnis. Culpa et modi ut ea cupiditate. Nobis voluptatibus aut aut consequatur non eum expedita.','2019-07-13 04:33:15'),(98,98,98,'Reprehenderit nesciunt praesentium libero quod quasi qui. Dolor quia sint quibusdam est dignissimos. Placeat omnis qui ut quo velit cumque consectetur.','2013-04-18 11:49:06'),(99,99,99,'Ex dolores illo qui exercitationem voluptatibus ut mollitia. Nemo quia eos et et consequatur. Omnis ipsa et eos eaque sunt quos. Illum repellendus quia tempore optio libero harum.','2009-05-12 02:47:38'),(100,100,100,'Qui voluptate dolor beatae ab illo atque. Ducimus repudiandae suscipit est adipisci repudiandae. Assumenda assumenda voluptates non doloribus. Ut et aut repellendus molestiae quia.','1991-07-01 10:12:52');
/*!40000 ALTER TABLE `messages` ENABLE KEYS */;
UNLOCK TABLES;

--
-- Table structure for table `music`
--

DROP TABLE IF EXISTS `music`;
/*!40101 SET @saved_cs_client     = @@character_set_client */;
/*!40101 SET character_set_client = utf8 */;
CREATE TABLE `music` (
  `id` bigint(20) unsigned NOT NULL AUTO_INCREMENT,
  `name` varchar(255) COLLATE utf8mb4_unicode_ci DEFAULT NULL,
  `media_id` bigint(20) unsigned NOT NULL,
  `genre_id` bigint(20) unsigned NOT NULL,
  `autor` varchar(100) COLLATE utf8mb4_unicode_ci DEFAULT NULL,
  `duration` time DEFAULT NULL,
  UNIQUE KEY `id` (`id`),
  KEY `music_name` (`name`),
  KEY `genre_id` (`genre_id`),
  KEY `media_id` (`media_id`),
  CONSTRAINT `music_ibfk_1` FOREIGN KEY (`genre_id`) REFERENCES `music_geners` (`id`),
  CONSTRAINT `music_ibfk_2` FOREIGN KEY (`media_id`) REFERENCES `media` (`id`)
) ENGINE=InnoDB AUTO_INCREMENT=101 DEFAULT CHARSET=utf8mb4 COLLATE=utf8mb4_unicode_ci;
/*!40101 SET character_set_client = @saved_cs_client */;

--
-- Dumping data for table `music`
--

LOCK TABLES `music` WRITE;
/*!40000 ALTER TABLE `music` DISABLE KEYS */;
INSERT INTO `music` VALUES (1,'repellendus',1,1,'1','00:04:29'),(2,'a',2,2,'2','00:11:00'),(3,'eveniet',3,3,'3','00:12:04'),(4,'sapiente',4,4,'4','00:10:36'),(5,'odit',5,5,'5','00:10:36'),(6,'ipsam',6,6,'6','00:05:12'),(7,'vitae',7,7,'7','00:12:43'),(8,'aut',8,8,'8','00:12:25'),(9,'doloremque',9,9,'9','00:07:35'),(10,'fuga',10,10,'10','00:12:13'),(11,'quod',11,1,'11','00:08:49'),(12,'molestias',12,2,'12','00:09:38'),(13,'et',13,3,'13','00:09:12'),(14,'distinctio',14,4,'14','00:11:14'),(15,'laboriosam',15,5,'15','00:06:01'),(16,'sed',16,6,'16','00:07:26'),(17,'dolor',17,7,'17','00:06:03'),(18,'illo',18,8,'18','00:03:22'),(19,'ut',19,9,'19','00:02:22'),(20,'animi',20,10,'20','00:09:46'),(21,'distinctio',21,1,'21','00:03:58'),(22,'totam',22,2,'22','00:04:52'),(23,'sit',23,3,'23','00:02:14'),(24,'quam',24,4,'24','00:10:14'),(25,'rerum',25,5,'25','00:07:20'),(26,'repellat',26,6,'26','00:06:30'),(27,'temporibus',27,7,'27','00:08:38'),(28,'aliquam',28,8,'28','00:10:36'),(29,'et',29,9,'29','00:04:04'),(30,'alias',30,10,'30','00:01:28'),(31,'id',31,1,'31','00:11:16'),(32,'est',32,2,'32','00:11:06'),(33,'saepe',33,3,'33','00:02:16'),(34,'aliquid',34,4,'34','00:01:31'),(35,'expedita',35,5,'35','00:01:42'),(36,'aut',36,6,'36','00:07:55'),(37,'harum',37,7,'37','00:10:07'),(38,'harum',38,8,'38','00:10:00'),(39,'suscipit',39,9,'39','00:11:47'),(40,'et',40,10,'40','00:01:11'),(41,'quos',41,1,'41','00:11:59'),(42,'aliquid',42,2,'42','00:11:58'),(43,'qui',43,3,'43','00:10:12'),(44,'ab',44,4,'44','00:03:40'),(45,'accusantium',45,5,'45','00:06:56'),(46,'laudantium',46,6,'46','00:09:36'),(47,'quis',47,7,'47','00:05:47'),(48,'omnis',48,8,'48','00:01:47'),(49,'adipisci',49,9,'49','00:09:49'),(50,'quae',50,10,'50','00:03:42'),(51,'omnis',51,1,'51','00:04:20'),(52,'sed',52,2,'52','00:11:57'),(53,'itaque',53,3,'53','00:12:18'),(54,'molestiae',54,4,'54','00:08:52'),(55,'ex',55,5,'55','00:08:44'),(56,'voluptate',56,6,'56','00:06:40'),(57,'iure',57,7,'57','00:11:24'),(58,'aliquid',58,8,'58','00:04:40'),(59,'officiis',59,9,'59','00:10:36'),(60,'eaque',60,10,'60','00:12:16'),(61,'rerum',61,1,'61','00:06:55'),(62,'voluptatem',62,2,'62','00:07:04'),(63,'officiis',63,3,'63','00:12:19'),(64,'ut',64,4,'64','00:08:05'),(65,'deserunt',65,5,'65','00:05:20'),(66,'quia',66,6,'66','00:07:45'),(67,'consequatur',67,7,'67','00:12:52'),(68,'saepe',68,8,'68','00:05:22'),(69,'sit',69,9,'69','00:09:40'),(70,'amet',70,10,'70','00:07:22'),(71,'nulla',71,1,'71','00:12:43'),(72,'at',72,2,'72','00:12:41'),(73,'expedita',73,3,'73','00:03:01'),(74,'quo',74,4,'74','00:02:33'),(75,'eum',75,5,'75','00:08:43'),(76,'impedit',76,6,'76','00:12:37'),(77,'dolores',77,7,'77','00:11:13'),(78,'natus',78,8,'78','00:10:26'),(79,'vel',79,9,'79','00:03:28'),(80,'ex',80,10,'80','00:02:07'),(81,'officia',81,1,'81','00:11:25'),(82,'eligendi',82,2,'82','00:07:25'),(83,'esse',83,3,'83','00:07:49'),(84,'rerum',84,4,'84','00:07:37'),(85,'qui',85,5,'85','00:12:52'),(86,'dolore',86,6,'86','00:07:24'),(87,'ut',87,7,'87','00:01:28'),(88,'odio',88,8,'88','00:05:38'),(89,'eveniet',89,9,'89','00:05:13'),(90,'officia',90,10,'90','00:09:05'),(91,'voluptatem',91,1,'91','00:09:04'),(92,'voluptatem',92,2,'92','00:04:01'),(93,'recusandae',93,3,'93','00:05:58'),(94,'quaerat',94,4,'94','00:12:12'),(95,'omnis',95,5,'95','00:05:11'),(96,'est',96,6,'96','00:12:19'),(97,'qui',97,7,'97','00:05:02'),(98,'fugit',98,8,'98','00:06:13'),(99,'et',99,9,'99','00:06:52'),(100,'libero',100,10,'100','00:11:56');
/*!40000 ALTER TABLE `music` ENABLE KEYS */;
UNLOCK TABLES;

--
-- Table structure for table `music_geners`
--

DROP TABLE IF EXISTS `music_geners`;
/*!40101 SET @saved_cs_client     = @@character_set_client */;
/*!40101 SET character_set_client = utf8 */;
CREATE TABLE `music_geners` (
  `id` bigint(20) unsigned NOT NULL AUTO_INCREMENT,
  `name` varchar(255) COLLATE utf8mb4_unicode_ci DEFAULT NULL,
  UNIQUE KEY `id` (`id`)
) ENGINE=InnoDB AUTO_INCREMENT=11 DEFAULT CHARSET=utf8mb4 COLLATE=utf8mb4_unicode_ci;
/*!40101 SET character_set_client = @saved_cs_client */;

--
-- Dumping data for table `music_geners`
--

LOCK TABLES `music_geners` WRITE;
/*!40000 ALTER TABLE `music_geners` DISABLE KEYS */;
INSERT INTO `music_geners` VALUES (1,'amet'),(2,'consequatur'),(3,'omnis'),(4,'rerum'),(5,'natus'),(6,'natus'),(7,'iusto'),(8,'deserunt'),(9,'autem'),(10,'ex');
/*!40000 ALTER TABLE `music_geners` ENABLE KEYS */;
UNLOCK TABLES;

--
-- Table structure for table `photo_albums`
--

DROP TABLE IF EXISTS `photo_albums`;
/*!40101 SET @saved_cs_client     = @@character_set_client */;
/*!40101 SET character_set_client = utf8 */;
CREATE TABLE `photo_albums` (
  `id` bigint(20) unsigned NOT NULL AUTO_INCREMENT,
  `name` varchar(255) COLLATE utf8mb4_unicode_ci DEFAULT NULL,
  `user_id` bigint(20) unsigned DEFAULT NULL,
  PRIMARY KEY (`id`),
  UNIQUE KEY `id` (`id`),
  KEY `user_id` (`user_id`),
  CONSTRAINT `photo_albums_ibfk_1` FOREIGN KEY (`user_id`) REFERENCES `users` (`id`)
) ENGINE=InnoDB AUTO_INCREMENT=101 DEFAULT CHARSET=utf8mb4 COLLATE=utf8mb4_unicode_ci;
/*!40101 SET character_set_client = @saved_cs_client */;

--
-- Dumping data for table `photo_albums`
--

LOCK TABLES `photo_albums` WRITE;
/*!40000 ALTER TABLE `photo_albums` DISABLE KEYS */;
INSERT INTO `photo_albums` VALUES (1,'est',101),(2,'laboriosam',102),(3,'cum',103),(4,'voluptatum',104),(5,'vel',107),(6,'qui',108),(7,'laborum',109),(8,'ut',110),(9,'architecto',112),(10,'id',114),(11,'velit',119),(12,'aut',121),(13,'pariatur',122),(14,'corrupti',125),(15,'nulla',126),(16,'voluptas',129),(17,'suscipit',132),(18,'velit',133),(19,'nemo',138),(20,'nemo',139),(21,'et',142),(22,'voluptas',143),(23,'nemo',144),(24,'sit',145),(25,'velit',147),(26,'omnis',148),(27,'expedita',150),(28,'aut',153),(29,'quasi',154),(30,'ut',155),(31,'explicabo',156),(32,'perspiciatis',157),(33,'sit',158),(34,'quod',160),(35,'ad',161),(36,'sed',163),(37,'ea',164),(38,'velit',166),(39,'repellat',168),(40,'incidunt',169),(41,'vel',170),(42,'commodi',171),(43,'ea',172),(44,'ut',173),(45,'totam',174),(46,'voluptatum',176),(47,'dolore',178),(48,'velit',179),(49,'dicta',181),(50,'ex',182),(51,'dolore',183),(52,'minus',185),(53,'similique',186),(54,'voluptatibus',187),(55,'itaque',191),(56,'aut',192),(57,'provident',193),(58,'quae',194),(59,'quia',196),(60,'consequuntur',197),(61,'excepturi',198),(62,'ratione',101),(63,'aut',102),(64,'quia',103),(65,'architecto',104),(66,'perspiciatis',107),(67,'occaecati',108),(68,'alias',109),(69,'quis',110),(70,'eum',112),(71,'in',114),(72,'sunt',119),(73,'culpa',121),(74,'esse',122),(75,'id',125),(76,'sint',126),(77,'enim',129),(78,'et',132),(79,'commodi',133),(80,'aut',138),(81,'debitis',139),(82,'a',142),(83,'doloribus',143),(84,'aut',144),(85,'totam',145),(86,'modi',147),(87,'enim',148),(88,'veritatis',150),(89,'in',153),(90,'quisquam',154),(91,'amet',155),(92,'autem',156),(93,'impedit',157),(94,'adipisci',158),(95,'dolor',160),(96,'sit',161),(97,'earum',163),(98,'accusantium',164),(99,'rem',166),(100,'eos',168);
/*!40000 ALTER TABLE `photo_albums` ENABLE KEYS */;
UNLOCK TABLES;

--
-- Table structure for table `photos`
--

DROP TABLE IF EXISTS `photos`;
/*!40101 SET @saved_cs_client     = @@character_set_client */;
/*!40101 SET character_set_client = utf8 */;
CREATE TABLE `photos` (
  `id` bigint(20) unsigned NOT NULL AUTO_INCREMENT,
  `album_id` bigint(20) unsigned DEFAULT NULL,
  `media_id` bigint(20) unsigned NOT NULL,
  UNIQUE KEY `id` (`id`),
  KEY `album_id` (`album_id`),
  KEY `media_id` (`media_id`),
  CONSTRAINT `photos_ibfk_1` FOREIGN KEY (`album_id`) REFERENCES `photo_albums` (`id`),
  CONSTRAINT `photos_ibfk_2` FOREIGN KEY (`media_id`) REFERENCES `media` (`id`)
) ENGINE=InnoDB AUTO_INCREMENT=101 DEFAULT CHARSET=utf8mb4 COLLATE=utf8mb4_unicode_ci;
/*!40101 SET character_set_client = @saved_cs_client */;

--
-- Dumping data for table `photos`
--

LOCK TABLES `photos` WRITE;
/*!40000 ALTER TABLE `photos` DISABLE KEYS */;
INSERT INTO `photos` VALUES (1,1,1),(2,2,2),(3,3,3),(4,4,4),(5,5,5),(6,6,6),(7,7,7),(8,8,8),(9,9,9),(10,10,10),(11,11,11),(12,12,12),(13,13,13),(14,14,14),(15,15,15),(16,16,16),(17,17,17),(18,18,18),(19,19,19),(20,20,20),(21,21,21),(22,22,22),(23,23,23),(24,24,24),(25,25,25),(26,26,26),(27,27,27),(28,28,28),(29,29,29),(30,30,30),(31,31,31),(32,32,32),(33,33,33),(34,34,34),(35,35,35),(36,36,36),(37,37,37),(38,38,38),(39,39,39),(40,40,40),(41,41,41),(42,42,42),(43,43,43),(44,44,44),(45,45,45),(46,46,46),(47,47,47),(48,48,48),(49,49,49),(50,50,50),(51,51,51),(52,52,52),(53,53,53),(54,54,54),(55,55,55),(56,56,56),(57,57,57),(58,58,58),(59,59,59),(60,60,60),(61,61,61),(62,62,62),(63,63,63),(64,64,64),(65,65,65),(66,66,66),(67,67,67),(68,68,68),(69,69,69),(70,70,70),(71,71,71),(72,72,72),(73,73,73),(74,74,74),(75,75,75),(76,76,76),(77,77,77),(78,78,78),(79,79,79),(80,80,80),(81,81,81),(82,82,82),(83,83,83),(84,84,84),(85,85,85),(86,86,86),(87,87,87),(88,88,88),(89,89,89),(90,90,90),(91,91,91),(92,92,92),(93,93,93),(94,94,94),(95,95,95),(96,96,96),(97,97,97),(98,98,98),(99,99,99),(100,100,100);
/*!40000 ALTER TABLE `photos` ENABLE KEYS */;
UNLOCK TABLES;

DROP TABLE IF EXISTS `users`;
/*!40101 SET @saved_cs_client     = @@character_set_client */;
/*!40101 SET character_set_client = utf8 */;
CREATE TABLE `users` (
  `id` bigint(20) unsigned NOT NULL AUTO_INCREMENT,
  `firstname` varchar(50) COLLATE utf8mb4_unicode_ci DEFAULT NULL,
  `lastname` varchar(50) COLLATE utf8mb4_unicode_ci DEFAULT NULL COMMENT 'Фамиль',
  `email` varchar(120) COLLATE utf8mb4_unicode_ci DEFAULT NULL,
  `password_hash` varchar(100) COLLATE utf8mb4_unicode_ci DEFAULT NULL,
  `phone` bigint(20) unsigned DEFAULT NULL,
  PRIMARY KEY (`id`),
  UNIQUE KEY `email` (`email`),
  UNIQUE KEY `phone` (`phone`),
  KEY `users_firstname_lastname_idx` (`firstname`,`lastname`)
) ENGINE=InnoDB AUTO_INCREMENT=101 DEFAULT CHARSET=utf8mb4 COLLATE=utf8mb4_unicode_ci COMMENT='юзеры';
/*!40101 SET character_set_client = @saved_cs_client */;

--
-- Dumping data for table `users`
--

LOCK TABLES `users` WRITE;
/*!40000 ALTER TABLE `users` DISABLE KEYS */;
INSERT INTO `users` VALUES (1,'Jillian','Roob','klocko.forest@example.com','f2fe5593eb43e855acfeeda1e99eabec5cfa94aa',89266767191),(2,'Jillian','Connelly','sgreenfelder@example.org','bd6327e7cfb5cd43c03405569f2aeec0afca77cd',89267399617),(3,'Jillian','Wunsch','ptoy@example.net','14c179a5eb4d0ca35002be5cf66103e345caecf5',89197667275),(4,'Jillian','Ondricka','gabriel56@example.com','ad02e43ff21c0cf55a23cdc24ccd2f9d20769665',89751853686),(5,'Raheem','Friesen','kari06@example.com','1beab82a65a51004b7068967bb68009b88d469a7',89583883937),(6,'Shanie','Collier','anahi.fadel@example.org','20a5d4df80a342c363cc8fbce39e8241b9f81ddc',89248798279),(7,'Kiana','Lang','lakin.shanon@example.net','9107aa7535b5bbff32bffb1a98fc0285a81b65e1',89182022775),(8,'Madge','VonRueden','zabernathy@example.com','5e5d83a9a34d0c53dc3b7673eb5e241c2f41c580',89801191051),(9,'Reanna','Kihn','beer.maurine@example.org','fddd0c15b9999928dc29bef2f1ac22ead1644525',89244639615),(10,'Darby','Gibson','hagenes.alf@example.net','cd94cc959e34ba9ece4064d17cb137bd46abcc48',89319392879),(11,'Hal','Von','fritz09@example.com','51d22ed13d3e10ce6a24161197957b1cbc7f12d2',89172405660),(12,'Luther','Johnson','antonia.cummings@example.org','f09c80475935ef48bf344f82f57cc416f1683ab2',89653719080),(13,'Quincy','Baumbach','rosemarie31@example.net','cdad6595c2761945b561bd85399cc8640a6c78cd',89392694890),(14,'Arjun','Murazik','cronin.ressie@example.net','f5061aadaa59047a8084bfd3b95140934b13bdfc',89127468054),(15,'Novella','Littel','floyd66@example.org','fa0f03a571738f7613907eac7bfdbe308f44812b',89840379148),(16,'Anastasia','Beahan','shawna91@example.net','185d44a83155ba9c3211b2cfe6f1434aff43d3a0',89970731654),(17,'Yazmin','Nienow','kitty41@example.net','afe674af6bf0b4eddbc78d4a37492cd1e60a5f66',89455294501),(18,'Jailyn','Harber','grayce.cruickshank@example.org','b9b6d6f089fc54cd8c067fb866493f3aa0b3f769',89545216070),(19,'Mitchel','Stracke','melyna27@example.org','a2536d060b2505962c3665254f5262b9fd70f84b',89968982366),(20,'Keegan','Koss','lehner.reba@example.com','c24a8018c20ed874023cbd518460942c157cfade',89819551750),(21,'Maude','Altenwerth','lueilwitz.john@example.com','0165e18296e73c9e4f8fb705d3e71114f5183e63',89851641265),(22,'Mariam','Ferry','langworth.aylin@example.org','5a1ee10d017f983a6da78bbd46ea0749ee1c0f6f',89574481663),(23,'Gerard','Wintheiser','vonrueden.antonette@example.com','c6351fc389f72530db69335fc42b250bef35708c',89906301327),(24,'Hyman','Ondricka','rodrigo.dibbert@example.net','067d5a5a63dcec4d7596b6f52b31e08f44191a5a',89411706885),(25,'Lela','Hettinger','fkoss@example.com','7bb09db489047b3b214fcb9ba31e58c9c00f7126',89981617535),(26,'Josiane','Schinner','monte29@example.org','31dd2f7823503875a6061ffdacb05fc22149b31a',89358228886),(27,'Joey','Beier','madge.schamberger@example.com','f6a2eca36865e0071974008626c9dcfdea36d082',89860605855),(28,'Isabell','Rodriguez','kshlerin.tad@example.com','8b10a62e6abd3fa854c71a3ad57652996431b1ac',89637534738),(29,'Alexis','Ziemann','dorris82@example.com','0c85b3968c75165b4fcced076085bf6beeedad28',89553382502),(30,'Estefania','Hettinger','seth17@example.org','8c445f41bc3f2db702e7b48a57ad652ff892d488',89141817397),(31,'Esther','Lynch','ilockman@example.net','bd8e6085a398281a98d90bd48805053f94422144',89641731668),(32,'Sienna','Macejkovic','mann.darion@example.com','7082f61f0d2af2743255bd4769650d45d4bbb5be',89413403774),(33,'Erick','Murphy','linnie11@example.org','41ef697cc0c03607d4c564c93d2913ce91b79742',89875106794),(34,'Brain','Dibbert','bahringer.judy@example.org','ee0b7d7f0ef5d7c5e2f516036bf01debd5481d7f',89798403504),(35,'Marilie','Rippin','norwood.schamberger@example.com','bc31a699a8e5738d7f9b69f55e5eb0d247d826ab',89633165644),(36,'Isadore','Kohler','blaze.batz@example.net','1856d85f5f5c7023e192b10769dd471abb691ab3',89582712928),(37,'Price','Blick','jo\'reilly@example.org','3005adc36e5b783ac655ecd9e005d5bc36b43a95',89942568538),(38,'Frankie','Bernier','scottie.johnson@example.com','319f4d5f02208cf67aae5f2e6ae04a5ef1a030ce',89992482887),(39,'Isac','Grimes','martina72@example.org','fe7d36e92bbbfc98a7350ffb6376908cd9538c02',89768622799),(40,'Elza','Tillman','qshanahan@example.net','7eb964ba7a4e27942556175a0a0582073c521299',89017869597),(41,'Friedrich','Erdman','craig.wyman@example.org','9522cdab73048304e22730ac68ff43ba34a69f12',89022677411),(42,'Isidro','Schamberger','vinnie.bins@example.com','8adfcdf0bc120fad6f29d7ae9d0f79cdfe676f32',89969967117),(43,'Reilly','Grant','daniel.orlo@example.net','94b86176984366127f8d5d3b2cbf668f299ef7e4',89779633867),(44,'Stacy','McGlynn','jacobi.javon@example.net','fdb045dd0bd82aeb2ef4c308dcd12e164a514e7a',89610297073),(45,'Michaela','Breitenberg','roberts.gussie@example.com','5c394f529ce96e67e9f900e88dd50260860b305b',89314514026),(46,'Kameron','Parker','jamison.bins@example.org','c91764a1dd084d5efd4ea638f913d18d169835c7',89441093944),(47,'Demarco','Miller','dhagenes@example.org','5fa8f1322898c3571b08eaade25a347708b30ede',89306367857),(48,'Dianna','Gutmann','neal16@example.org','b1028b0aa7609e9baa2b04c5e745f5e51f2bd6ca',89489800543),(49,'Fae','Aufderhar','fabiola36@example.org','61742483e6f114ca69a12dacc3ec049c6355881e',89367200701),(50,'Gay','Kautzer','huels.gabrielle@example.org','121b5354eb8aa7d76322d05a9451798e9e1ee2f7',89055507067),(51,'Nestor','Ondricka','birdie.koepp@example.com','c9bea990ef0f3de41d579d72ee998aee778d35d5',89840018783),(52,'Robyn','Cartwright','lloyd08@example.com','8401e4a9f4e2a2f79225a9845a9656fc07c21ac5',89832174404),(53,'Ayana','Wiegand','dagmar42@example.org','71e690bc4603cc90f06312eeb32c67b4adb36755',89812912506),(54,'Marlin','Waelchi','sydni63@example.net','b157813dca5dbff82092fee596fa95afbd5c1620',89178900680),(55,'Randi','Gorczany','jamel.crona@example.com','7314c531bf35e019730a2fc1898fe6809897b9fd',89990533412),(56,'Rebekah','Huel','jordan.rath@example.org','3d78f16b592fa0d1b26a5c2476d73aec8ae005a8',89925396897),(57,'Lola','Zulauf','vbalistreri@example.com','cb5396edd6fef40312e64300905d3a9708262411',89315082555),(58,'Peyton','Schaefer','lisandro.goyette@example.com','e916fc3a3868c8d7a7766d9423e40c099d8de78e',89243501149),(59,'Trinity','Leuschke','ocronin@example.com','2b3829668233841fcda43b7a5b7d3b809fd36577',89550603495),(60,'Brandy','Casper','whayes@example.net','b64d6d3f3376cb1a09549962f6895c93b5101dd4',89517407036),(61,'Jolie','Lebsack','meggie49@example.net','b0ce9330b458ffef8fdaa29d556e5a0e7b74fc8f',89776506263),(62,'Monserrat','Jacobs','dicki.makayla@example.net','872bb88b28da9e85ea94af9ee0ff8efbe14c2914',89077414301),(63,'Destiney','Hegmann','tressie52@example.com','9856c828796b9e6838dbf3a7c74f2d40f0ae8f6a',89178156770),(64,'Erling','Okuneva','uwunsch@example.com','f3ce05705add191b1eaff94c6b2e8e7f0ea7e3f2',89157746329),(65,'Leanna','Lindgren','alfonzo75@example.org','90db8f36f9a07f943a03a0eea983f1289d50e3dc',89242552468),(66,'Johnathan','Olson','stark.tracey@example.com','16dd8115cac7971ab1388dbe7d7b79b4ef98cfeb',89444585022),(67,'Alyce','Schiller','crenner@example.net','51644419a2c2de8f22d6f1f984c79531809f2b17',89429519663),(68,'Annabelle','McDermott','douglas.wyman@example.net','91313b6e6fa1d8887b5881cf4161db6a8066b8f1',89788269287),(69,'Alayna','Beatty','goldner.coy@example.org','59545fea68e26d9eee5c03c12f672c2adb5339ed',89579879538),(70,'Dudley','Rogahn','mcdermott.deven@example.com','3f14d3529e23339a0b80a1a01add0917984efc2a',89613662622),(71,'Steve','Sanford','demarco.rolfson@example.org','386a29dc774439d57b8fa2c681225078061045c8',89325393084),(72,'Joanny','Harris','aliyah81@example.org','fa56f8d60358ccc61ca5263ecb0f9b41b2aedafd',89189970591),(73,'Julio','Kemmer','raymond66@example.com','69e0e1f1d6797441fe8d9c1809b4ad80f836e907',89371533648),(74,'Vince','Jones','katrine.wiza@example.com','9002e3a712c83c9954d92db55467f1f9639d04a4',89022101161),(75,'Ewald','Conroy','irma20@example.net','51d766fa8473fe536e35eb27af6a443c6deba43d',89664035504),(76,'Kaleigh','Greenfelder','lawrence.ward@example.net','4c025b8dee89efc597ae3041066fc8e1eaefd903',89234920316),(77,'Ed','Walter','keshaun.marquardt@example.net','f9752c391b3727dc44b291f092f0639561b75a39',89823970040),(78,'Amelia','Nicolas','jimmie.renner@example.com','7ecf3f3b2d0790b81c70af37262157e69f4f600b',89867511477),(79,'Jed','Bernhard','gritchie@example.org','da6f4df470c92e1f2241c98579be0dff7bcdbe00',89454475934),(80,'Keara','Ondricka','jennie.hammes@example.com','b19091d4c9bebf38a88e135c416dee9cd3f4fcd9',89123880198),(81,'Jordan','Boehm','hassan.vonrueden@example.com','d06b1af22989fc4db253276c1bd9c6bf8ee7d95e',89534726423),(82,'Bethany','Daugherty','simonis.josh@example.org','c314d5fde96d8b510b4d68748d1abd8e0cf2ebaf',89924834186),(83,'Lavon','Tromp','shyanne13@example.org','80db0274b10a670c54f3e7d68d53f41f371e7266',89091563816),(84,'Erich','Ledner','ayden59@example.net','dd0751549fbf6a79dc67f002ed798a1d2a7e2d67',89782317748),(85,'Lolita','Lockman','fidel08@example.net','21e64d224ed51ee95b01d9748e2e860c2159938a',89649819804),(86,'Ryan','Nitzsche','burdette.hills@example.com','07ac1dbacd39b8c37b1039802c1c9632d38061e4',89858301347),(87,'Mara','Dibbert','phegmann@example.org','71d97d83686aabf7b31f182b6e9174a423d810ed',89050262579),(88,'Hardy','O\'Reilly','caterina64@example.net','d01cc7699190fbfa70b1e162d16aa38dcef0ac58',89037735981),(89,'Mekhi','Oberbrunner','freddie.bergnaum@example.com','4a05ef11b8b7e65d4107706eef0027db2f93a7ec',89011984515),(90,'Tre','Leffler','dawn45@example.org','f2f940ddcdac5b5ae86b3054f601b0e7d021b636',89738293882),(91,'Lauryn','Stokes','wendell.mosciski@example.com','adc889ced317ec569cdcb73c7986af9cd16ff258',89534653940),(92,'Margarett','Gislason','wehner.adriana@example.net','4521cf94672ddd8549dd51ec517e20c030eb6091',89270689261),(93,'Caitlyn','Dare','madalyn.wolf@example.org','a3f2d8ff9f5570e287fdaed87688457c4bca5bce',89904630747),(94,'Crystal','Ernser','orland.o\'connell@example.org','d43a7de964ca3f620a60c528b7d7f038b27bdfab',89229707495),(95,'Kaitlin','Green','gparisian@example.com','b9b353b58596652a5c165ef86dbe5cf8dbf2396a',89608599661),(96,'Maurice','Runolfsson','dauer@example.net','4f4e21cefedb85e34cfd8155be73960cfd2be1ec',89382162723),(97,'Roberta','Kozey','orobel@example.net','a952fa34b1c7b8caa9dd6b62adb1a56373b122ba',89959888284),(98,'Sandra','Thiel','justen.o\'keefe@example.com','66cef8083f23cb90df77f87962149a029c8fbbc7',89106062266),(99,'Candelario','Ryan','ihickle@example.net','466036a6623644e821f02e1cca742cde21cb3d24',89313635428),(100,'Janae','Kulas','kohler.brooks@example.org','fe86f2e69b17635819f335203109c798faab4298',89915061876);
/*!40000 ALTER TABLE `users` ENABLE KEYS */;
UNLOCK TABLES;

--
-- Table structure for table `users_communities`
--

DROP TABLE IF EXISTS `users_communities`;
/*!40101 SET @saved_cs_client     = @@character_set_client */;
/*!40101 SET character_set_client = utf8 */;
CREATE TABLE `users_communities` (
  `user_id` bigint(20) unsigned NOT NULL,
  `community_id` bigint(20) unsigned NOT NULL,
  PRIMARY KEY (`user_id`,`community_id`),
  KEY `community_id` (`community_id`),
  CONSTRAINT `users_communities_ibfk_1` FOREIGN KEY (`user_id`) REFERENCES `users` (`id`),
  CONSTRAINT `users_communities_ibfk_2` FOREIGN KEY (`community_id`) REFERENCES `communities` (`id`)
) ENGINE=InnoDB DEFAULT CHARSET=utf8mb4 COLLATE=utf8mb4_unicode_ci;
/*!40101 SET character_set_client = @saved_cs_client */;

--
-- Dumping data for table `users_communities`
--

LOCK TABLES `users_communities` WRITE;
/*!40000 ALTER TABLE `users_communities` DISABLE KEYS */;
INSERT INTO `users_communities` VALUES (1,1),(2,2),(3,3),(4,4),(5,5),(6,6),(7,7),(8,8),(9,9),(10,10),(11,11),(12,12),(13,13),(14,14),(15,15),(16,16),(17,17),(18,18),(19,19),(20,20),(21,21),(22,22),(23,23),(24,24),(25,25),(26,26),(27,27),(28,28),(29,29),(30,30),(31,31),(32,32),(33,33),(34,34),(35,35),(36,36),(37,37),(38,38),(39,39),(40,40),(41,41),(42,42),(43,43),(44,44),(45,45),(46,46),(47,47),(48,48),(49,49),(50,50),(51,51),(52,52),(53,53),(54,54),(55,55),(56,56),(57,57),(58,58),(59,59),(60,60),(61,61),(62,62),(63,63),(64,64),(65,65),(66,66),(67,67),(68,68),(69,69),(70,70),(71,71),(72,72),(73,73),(74,74),(75,75),(76,76),(77,77),(78,78),(79,79),(80,80),(81,81),(82,82),(83,83),(84,84),(85,85),(86,86),(87,87),(88,88),(89,89),(90,90),(91,91),(92,92),(93,93),(94,94),(95,95),(96,96),(97,97),(98,98),(99,99),(100,100);
/*!40000 ALTER TABLE `users_communities` ENABLE KEYS */;
UNLOCK TABLES;

--
-- Table structure for table `videos`
--

DROP TABLE IF EXISTS `videos`;
/*!40101 SET @saved_cs_client     = @@character_set_client */;
/*!40101 SET character_set_client = utf8 */;
CREATE TABLE `videos` (
  `id` bigint(20) unsigned NOT NULL AUTO_INCREMENT,
  `name` varchar(255) COLLATE utf8mb4_unicode_ci DEFAULT NULL,
  `views` bigint(20) unsigned DEFAULT NULL,
  `media_id` bigint(20) unsigned NOT NULL,
  `autor_id` bigint(20) unsigned NOT NULL,
  UNIQUE KEY `id` (`id`),
  UNIQUE KEY `autor_id` (`autor_id`),
  KEY `video_name` (`name`),
  KEY `media_id` (`media_id`),
  CONSTRAINT `videos_ibfk_1` FOREIGN KEY (`autor_id`) REFERENCES `users` (`id`),
  CONSTRAINT `videos_ibfk_2` FOREIGN KEY (`media_id`) REFERENCES `media` (`id`)
) ENGINE=InnoDB AUTO_INCREMENT=101 DEFAULT CHARSET=utf8mb4 COLLATE=utf8mb4_unicode_ci;
/*!40101 SET character_set_client = @saved_cs_client */;

--
-- Dumping data for table `videos`
--

--
-- Table structure for table `profiles`
--

DROP TABLE IF EXISTS `profiles`;
/*!40101 SET @saved_cs_client     = @@character_set_client */;
/*!40101 SET character_set_client = utf8 */;
CREATE TABLE `profiles` (
  `user_id` bigint(20) unsigned NOT NULL,
  `gender` char(1) COLLATE utf8mb4_unicode_ci DEFAULT NULL,
  `birthday` date DEFAULT NULL,
  `photo_id` bigint(20) unsigned DEFAULT NULL,
  `created_at` datetime DEFAULT current_timestamp(),
  `hometown` varchar(100) COLLATE utf8mb4_unicode_ci DEFAULT NULL,
  UNIQUE KEY `user_id` (`user_id`),
  KEY `hometown` (`hometown`),
  CONSTRAINT `profiles_ibfk_1` FOREIGN KEY (`hometown`) REFERENCES `towns` (`name`),
  CONSTRAINT `user_id` FOREIGN KEY (`user_id`) REFERENCES `users` (`id`) ON DELETE NO ACTION ON UPDATE CASCADE
) ENGINE=InnoDB DEFAULT CHARSET=utf8mb4 COLLATE=utf8mb4_unicode_ci;
/*!40101 SET character_set_client = @saved_cs_client */;

--
-- Dumping data for table `profiles`
--

LOCK TABLES `profiles` WRITE;
/*!40000 ALTER TABLE `profiles` DISABLE KEYS */;
INSERT INTO `profiles` VALUES (1,'D','2020-12-02',1,'2016-12-13 15:48:49','Abshireberg'),(2,'D','1995-12-14',2,'1980-08-11 09:28:37','Alizeland'),(3,'P','2012-08-08',3,'2020-07-05 22:49:51','Andersonstad'),(4,'M','2019-11-29',4,'2017-09-19 16:55:36','Annalisehaven'),(5,'D','1998-02-24',5,'2004-10-07 05:14:43','Baumbachmouth'),(6,'P','2009-09-07',6,'2013-03-03 00:48:46','Bradtketown'),(7,'M','1979-12-18',7,'1972-06-26 02:34:11','Bryceside'),(8,'M','1978-12-24',8,'2004-11-20 15:31:31','Cartwrighthaven'),(9,'M','1993-04-30',9,'1997-07-15 20:03:17','Codyburgh'),(10,'P','2010-10-21',10,'1991-10-17 03:51:35','Coopershire'),(11,'P','1983-02-07',11,'2002-06-22 19:01:15','Corkeryfurt'),(12,'D','1999-08-21',12,'1976-01-14 12:38:34','Cristopherborough'),(13,'D','1979-03-17',13,'1970-05-19 05:19:27','Cronaside'),(14,'M','1976-09-06',14,'1991-12-24 08:25:14','Cruickshankchester'),(15,'D','1979-03-05',15,'1998-02-25 00:16:14','Denesikside'),(16,'D','1991-10-30',16,'1987-01-28 09:55:40','East Brentchester'),(17,'D','2020-02-02',17,'2014-08-17 01:37:25','East Juanitaview'),(18,'D','2010-03-29',18,'1972-06-28 23:51:57','East Serenityview'),(19,'P','1981-11-19',19,'2003-12-12 23:07:58','East Sydnie'),(20,'P','1977-10-21',20,'1993-02-07 20:03:17','East Vernie'),(21,'M','2002-11-26',21,'2018-11-28 07:37:56','Ebertchester'),(22,'M','2005-04-10',22,'2011-11-14 21:31:39','Eugeniaville'),(23,'D','2005-11-21',23,'2001-07-02 04:39:41','Fannieport'),(24,'D','1990-01-24',24,'1980-08-01 14:24:35','Frederiqueberg'),(25,'P','1986-10-31',25,'1987-06-15 01:18:14','Gerardfort'),(26,'M','2018-08-29',26,'1985-07-14 08:09:53','Gislasonfort'),(27,'M','1987-06-08',27,'2005-09-12 11:20:05','Gonzaloton'),(28,'P','1972-09-11',28,'1980-01-15 23:14:58','Hauckbury'),(29,'M','1994-10-11',29,'2005-04-13 17:04:19','Hickletown'),(30,'M','1997-12-09',30,'2012-10-27 14:25:37','Johnstonhaven'),(31,'D','2017-10-05',31,'1994-03-25 13:45:43','Katlynnmouth'),(32,'D','2007-11-07',32,'1995-05-04 14:02:51','Kennithfort'),(33,'D','1991-11-10',33,'1979-03-12 01:12:24','Kraigfurt'),(34,'M','1977-05-11',34,'1985-11-22 17:08:40','Lake Alessia'),(35,'M','1981-02-08',35,'2009-12-10 20:32:07','Lake Beulahport'),(36,'M','1993-11-13',36,'1989-11-07 04:14:11','Lake Brigitteshire'),(37,'D','1985-03-09',37,'1989-04-05 04:27:25','Lake Bryonhaven'),(38,'P','2004-02-23',38,'2015-01-28 19:48:20','Lake Caesar'),(39,'M','2011-05-07',39,'1984-07-20 09:25:13','Lake Desmondton'),(40,'M','2010-09-18',40,'2015-02-04 13:35:56','Lake Herthafurt'),(41,'M','1984-07-08',41,'1992-01-16 21:13:17','Lake Luciusfurt'),(42,'P','2003-10-31',42,'1986-09-23 16:31:49','Lake Marcoton'),(43,'P','1974-01-15',43,'2000-05-19 23:45:07','Lake Nigel'),(44,'D','1998-01-20',44,'1981-10-06 05:49:19','Lake Ursulaburgh'),(45,'M','2004-03-31',45,'1980-08-24 08:44:03','Lake Zanemouth'),(46,'M','1979-06-18',46,'1973-06-09 04:21:46','Lemkeburgh'),(47,'M','1986-11-05',47,'2011-07-04 15:30:30','Lemkeville'),(48,'M','1980-06-06',48,'2005-03-05 02:58:26','Martaland'),(49,'P','2010-05-19',49,'1984-12-18 05:13:06','Martineshire'),(50,'P','1995-07-18',50,'1983-11-22 00:11:21','Mayertton'),(51,'P','2014-06-19',51,'1992-08-25 04:54:36','Mollymouth'),(52,'D','1981-04-22',52,'1997-02-27 20:12:45','New Cathyshire'),(53,'M','1993-03-19',53,'1972-07-27 11:39:12','New Clarkside'),(54,'D','2009-11-04',54,'2016-05-23 18:23:43','New Enidview'),(55,'M','2018-12-29',55,'1984-09-10 08:01:48','New Rileyport'),(56,'M','1976-04-09',56,'2005-01-04 03:02:26','New Will'),(57,'M','2004-01-04',57,'2015-01-21 12:04:55','Nicklausview'),(58,'D','1970-12-14',58,'1980-04-04 23:32:53','North Aron'),(59,'D','2017-06-25',59,'1977-02-04 14:34:36','North Chadd'),(60,'D','1970-10-05',60,'2020-01-05 14:16:56','North Erick'),(61,'D','2002-06-30',61,'1997-12-02 15:18:03','North Guillermostad'),(62,'P','2004-11-19',62,'2006-08-04 13:55:36','North Helenafort'),(63,'D','1975-12-19',63,'1991-03-29 17:33:02','North Keelystad'),(64,'M','1994-06-03',64,'1993-06-02 17:54:53','North Maximoport'),(65,'M','2020-02-11',65,'2000-07-06 19:06:00','North Olefort'),(66,'M','1988-05-11',66,'2020-06-21 08:47:30','North Wilberland'),(67,'M','2010-05-21',67,'1977-12-03 14:00:35','Port Lamont'),(68,'P','2009-02-03',68,'1973-02-23 02:30:22','Port Myrtle'),(69,'D','2002-09-11',69,'1997-06-28 03:05:34','Port Oscar'),(70,'D','1987-03-30',70,'1975-02-18 10:13:31','Port Reagan'),(71,'D','2016-12-29',71,'1979-03-11 11:29:27','Port Rolandoton'),(72,'M','2010-04-03',72,'2009-11-25 05:26:15','Rainaport'),(73,'D','2001-01-08',73,'1979-09-28 07:21:18','Reynoldsville'),(74,'M','1990-03-06',74,'1983-07-04 05:50:13','Rhiannaton'),(75,'M','1972-01-19',75,'2011-09-11 22:00:57','Robertsborough'),(76,'P','2017-08-23',76,'2020-05-22 23:49:18','Robertschester'),(77,'M','2004-05-17',77,'2006-06-23 02:42:02','Sanfordport'),(78,'M','2011-11-30',78,'2013-08-16 15:09:40','South Clintside'),(79,'D','1995-04-02',79,'1987-07-04 07:36:21','South Dillon'),(80,'D','1998-09-28',80,'2016-10-03 12:44:23','South Elroy'),(81,'M','1982-12-01',81,'1993-03-18 02:13:09','South Leoniemouth'),(82,'M','1980-08-26',82,'1992-12-13 13:38:08','South Mohamed'),(83,'D','1974-09-23',83,'1974-07-26 01:15:10','South Mossiemouth'),(84,'D','2019-06-13',84,'2004-06-25 02:29:18','South Thalialand'),(85,'M','1984-04-14',85,'2013-09-13 01:19:08','South Vitafort'),(86,'M','1994-02-12',86,'1986-06-03 06:51:06','Stonemouth'),(87,'M','1975-01-14',87,'1972-06-23 03:39:13','Waelchimouth'),(88,'P','2016-05-03',88,'2007-10-22 01:36:55','Walterchester'),(89,'D','1976-11-16',89,'2011-11-12 01:29:34','Warrentown'),(90,'M','1985-09-25',90,'2012-07-13 05:11:06','West Darianastad'),(91,'M','2017-02-10',91,'2019-10-20 16:27:44','West Dianaberg'),(92,'M','2017-11-09',92,'2016-07-19 19:57:53','West Jonatan'),(93,'M','1990-06-08',93,'2019-10-20 21:07:55','West Kenna'),(94,'M','2011-02-12',94,'2012-01-25 05:28:22','West Lucyborough'),(95,'M','2008-11-01',95,'2002-10-23 07:46:58','West Luz'),(96,'P','1972-09-17',96,'2008-07-26 12:38:32','West Shyannefort'),(97,'M','2002-05-20',97,'2011-05-13 18:40:32','West Websterstad'),(98,'D','1983-05-04',98,'2012-04-11 16:09:51','Wilkinsonside'),(99,'P','1993-12-12',99,'1987-03-30 18:58:23','Wolffville'),(100,'P','1995-06-06',100,'2004-10-23 03:00:21','Yostfurt');
/*!40000 ALTER TABLE `profiles` ENABLE KEYS */;
UNLOCK TABLES;

--
-- Table structure for table `users`
--

--
-- Table structure for table `towns`
--

DROP TABLE IF EXISTS `towns`;
/*!40101 SET @saved_cs_client     = @@character_set_client */;
/*!40101 SET character_set_client = utf8 */;
CREATE TABLE `towns` (
  `id` bigint(20) unsigned NOT NULL AUTO_INCREMENT,
  `name` varchar(100) COLLATE utf8mb4_unicode_ci DEFAULT NULL,
  UNIQUE KEY `id` (`id`),
  UNIQUE KEY `name` (`name`)
) ENGINE=InnoDB AUTO_INCREMENT=101 DEFAULT CHARSET=utf8mb4 COLLATE=utf8mb4_unicode_ci;
/*!40101 SET character_set_client = @saved_cs_client */;

--
-- Dumping data for table `towns`
--

LOCK TABLES `towns` WRITE;
/*!40000 ALTER TABLE `towns` DISABLE KEYS */;
INSERT INTO `towns` VALUES (91,'Abshireberg'),(77,'Alizeland'),(10,'Andersonstad'),(69,'Annalisehaven'),(54,'Baumbachmouth'),(18,'Bradtketown'),(23,'Bryceside'),(75,'Cartwrighthaven'),(38,'Codyburgh'),(17,'Coopershire'),(100,'Corkeryfurt'),(81,'Cristopherborough'),(15,'Cronaside'),(2,'Cruickshankchester'),(56,'Denesikside'),(28,'East Brentchester'),(49,'East Juanitaview'),(40,'East Serenityview'),(43,'East Sydnie'),(30,'East Vernie'),(19,'Ebertchester'),(95,'Eugeniaville'),(44,'Fannieport'),(37,'Frederiqueberg'),(47,'Gerardfort'),(90,'Gislasonfort'),(35,'Gonzaloton'),(52,'Hauckbury'),(20,'Hickletown'),(79,'Johnstonhaven'),(53,'Katlynnmouth'),(67,'Kennithfort'),(94,'Kraigfurt'),(80,'Lake Alessia'),(83,'Lake Beulahport'),(85,'Lake Brigitteshire'),(74,'Lake Bryonhaven'),(51,'Lake Caesar'),(12,'Lake Desmondton'),(87,'Lake Herthafurt'),(59,'Lake Luciusfurt'),(6,'Lake Marcoton'),(98,'Lake Nigel'),(1,'Lake Ursulaburgh'),(97,'Lake Zanemouth'),(48,'Lemkeburgh'),(24,'Lemkeville'),(89,'Martaland'),(5,'Martineshire'),(84,'Mayertton'),(65,'Mollymouth'),(66,'New Cathyshire'),(62,'New Clarkside'),(82,'New Enidview'),(34,'New Rileyport'),(26,'New Will'),(58,'Nicklausview'),(57,'North Aron'),(72,'North Chadd'),(21,'North Erick'),(45,'North Guillermostad'),(70,'North Helenafort'),(7,'North Keelystad'),(63,'North Maximoport'),(29,'North Olefort'),(60,'North Wilberland'),(92,'Port Lamont'),(41,'Port Myrtle'),(32,'Port Oscar'),(31,'Port Reagan'),(3,'Port Rolandoton'),(25,'Rainaport'),(39,'Reynoldsville'),(50,'Rhiannaton'),(61,'Robertsborough'),(99,'Robertschester'),(86,'Sanfordport'),(46,'South Clintside'),(68,'South Dillon'),(33,'South Elroy'),(76,'South Leoniemouth'),(73,'South Mohamed'),(16,'South Mossiemouth'),(96,'South Thalialand'),(71,'South Vitafort'),(8,'Stonemouth'),(11,'Waelchimouth'),(88,'Walterchester'),(13,'Warrentown'),(9,'West Darianastad'),(78,'West Dianaberg'),(14,'West Jonatan'),(93,'West Kenna'),(4,'West Lucyborough'),(22,'West Luz'),(36,'West Shyannefort'),(27,'West Websterstad'),(64,'Wilkinsonside'),(42,'Wolffville'),(55,'Yostfurt');
/*!40000 ALTER TABLE `towns` ENABLE KEYS */;
UNLOCK TABLES;

LOCK TABLES `videos` WRITE;
/*!40000 ALTER TABLE `videos` DISABLE KEYS */;
INSERT INTO `videos` VALUES (1,'Earum hic reprehenderit repellat nam voluptatem et.',49009,1,1),(2,'Molestiae cumque blanditiis ducimus maxime.',40166,2,2),(3,'Ex aut est animi in voluptas dolore blanditiis.',69540,3,3),(4,'Neque est doloribus nihil ratione laudantium aut ducimus.',71680,4,4),(5,'Voluptas eaque eaque sit dolorum ut adipisci.',80507,5,5),(6,'Et qui commodi incidunt omnis aut.',35838,6,6),(7,'Similique quam ut ipsam ut sequi facilis.',12147,7,7),(8,'Quaerat doloribus qui et.',35113,8,8),(9,'Maiores numquam vel ipsam omnis autem recusandae.',35753,9,9),(10,'Cum dolorum est consequatur tempore aut ad modi.',90455,10,10),(11,'Mollitia accusantium voluptate et reprehenderit qui eum dolorem.',6773,11,11),(12,'Rerum dolorem incidunt occaecati debitis consequuntur molestiae non.',5838,12,12),(13,'Ut eos alias doloremque vero.',30334,13,13),(14,'Alias minima molestiae nesciunt aut quia dolore autem quo.',75321,14,14),(15,'Autem nostrum facilis ab nesciunt ut qui pariatur.',88706,15,15),(16,'Maiores rerum suscipit facere expedita autem.',32138,16,16),(17,'Ipsum nihil corporis laboriosam.',20013,17,17),(18,'Magnam consequatur adipisci necessitatibus excepturi magni voluptas.',36120,18,18),(19,'Sunt impedit illum quia repudiandae aperiam quod illum.',73879,19,19),(20,'Atque non nostrum placeat velit dolore.',4316,20,20),(21,'Voluptate distinctio et fugiat ex consequuntur soluta sunt.',61270,21,21),(22,'Ut rem vel blanditiis similique aut.',94162,22,22),(23,'Et dolores est dolor corrupti ut quo.',19175,23,23),(24,'Eveniet iusto culpa iste illum iusto.',97813,24,24),(25,'Soluta dolores nemo quia eligendi molestiae voluptatem.',87741,25,25),(26,'Vero voluptas eaque voluptas ipsam.',50135,26,26),(27,'Voluptatem excepturi facere suscipit rerum.',97575,27,27),(28,'Eius aut rerum voluptatem cumque in repellendus.',77434,28,28),(29,'Accusantium omnis quas perspiciatis.',11025,29,29),(30,'Provident ut animi aut esse.',98268,30,30),(31,'Ad sit sed porro atque.',63900,31,31),(32,'Quo excepturi rerum dolorem nostrum.',11725,32,32),(33,'Laudantium dolore eveniet iusto ea nulla aspernatur repudiandae.',84920,33,33),(34,'Occaecati nihil eveniet dolor magni fugit similique.',23332,34,34),(35,'Qui quaerat corrupti et et est quod tenetur quis.',11652,35,35),(36,'Facere culpa ea animi accusantium voluptatem debitis unde.',10479,36,36),(37,'Distinctio nihil dolorem eum qui eligendi.',95527,37,37),(38,'Earum cum et ullam illum doloremque et dolores.',88835,38,38),(39,'Sunt sed explicabo qui placeat.',21823,39,39),(40,'Et minus sit tenetur ab nemo.',99631,40,40),(41,'Tempora tempora aut voluptas dolor.',4665,41,41),(42,'Mollitia possimus accusamus quia impedit.',12311,42,42),(43,'Architecto voluptas deserunt officia labore aut.',89371,43,43),(44,'Aliquid iure et numquam odio sit quo.',41540,44,44),(45,'Deleniti ut temporibus iure libero.',38131,45,45),(46,'Possimus aut pariatur rerum iusto nostrum non magni.',58551,46,46),(47,'Facere nisi amet nemo et itaque occaecati.',44145,47,47),(48,'Quibusdam perferendis sint voluptas voluptatem esse.',87041,48,48),(49,'Laborum minus atque nam voluptates blanditiis temporibus et.',40269,49,49),(50,'Velit alias quia numquam eveniet sit.',30888,50,50),(51,'Doloremque at totam laborum consectetur nulla quia.',59588,51,51),(52,'Quam beatae magni excepturi.',11220,52,52),(53,'Officiis cupiditate ut quas.',14667,53,53),(54,'Quia voluptas consequatur error eum quasi.',23360,54,54),(55,'Earum hic et nostrum maiores at sit tempore dignissimos.',49903,55,55),(56,'Commodi ipsum neque omnis voluptate aut quia quidem.',84031,56,56),(57,'Non at ea sapiente.',62424,57,57),(58,'Atque corrupti sit vel suscipit.',87281,58,58),(59,'Enim voluptatem rem blanditiis non expedita.',84124,59,59),(60,'Ipsa culpa illo suscipit cumque repudiandae quos.',11394,60,60),(61,'Deleniti aspernatur hic quis et fugit voluptatem.',79432,61,61),(62,'Corporis id quas beatae magni et.',76513,62,62),(63,'Et possimus aut voluptas ducimus et perspiciatis eos quia.',54042,63,63),(64,'Aut possimus provident sit.',97754,64,64),(65,'Excepturi aut aut illum et quod illum qui deleniti.',56063,65,65),(66,'Cum iste molestiae esse iusto.',82238,66,66),(67,'Nobis reprehenderit maiores voluptatibus soluta delectus.',76146,67,67),(68,'Et maxime minima corrupti ab eius est amet alias.',76933,68,68),(69,'Laborum omnis distinctio magni dignissimos vel neque.',56213,69,69),(70,'Harum distinctio praesentium facilis sequi a accusamus.',33195,70,70),(71,'At et voluptatem cumque quis deserunt ut aliquam.',44612,71,71),(72,'Architecto blanditiis explicabo quis quas occaecati et molestiae.',59716,72,72),(73,'Quisquam est maxime enim enim.',63619,73,73),(74,'Accusantium quo id distinctio doloremque distinctio dolore eum.',57294,74,74),(75,'Deserunt adipisci sit iure fugiat.',53850,75,75),(76,'Dolore alias commodi omnis distinctio vero.',50951,76,76),(77,'Laboriosam dolorem officia omnis nemo sed.',68457,77,77),(78,'Aliquam et praesentium hic autem cumque et sint.',95817,78,78),(79,'Iusto ut sit voluptas dolor praesentium qui.',33699,79,79),(80,'Error nulla molestias doloremque.',78941,80,80),(81,'Non est totam blanditiis provident.',52633,81,81),(82,'Id unde repellat eos reprehenderit magnam libero.',38722,82,82),(83,'Modi blanditiis et quibusdam officia ea soluta.',18105,83,83),(84,'Ipsam vel sit quis sapiente.',34647,84,84),(85,'Non consequuntur quidem sed praesentium fugit facilis.',54148,85,85),(86,'Recusandae saepe aut voluptatibus accusamus.',53789,86,86),(87,'Aut qui rerum aut ad quas quae aliquam eum.',46432,87,87),(88,'Dignissimos aut molestiae impedit doloribus quos quia.',39548,88,88),(89,'Voluptas doloribus ad debitis natus repudiandae rem.',3933,89,89),(90,'Et animi dolore qui accusamus.',86144,90,90),(91,'Eos ab totam aut ratione quas.',93796,91,91),(92,'Sit est expedita non nihil accusantium quas tenetur sunt.',30229,92,92),(93,'Possimus unde sapiente adipisci veniam sit adipisci nisi.',54722,93,93),(94,'Rerum tenetur laudantium dolore quasi est nihil qui.',28232,94,94),(95,'Error dicta expedita sunt ullam esse est.',67521,95,95),(96,'Quia sed provident aspernatur veritatis quae rerum.',43834,96,96),(97,'Inventore voluptas atque quis saepe dignissimos repudiandae commodi.',75580,97,97),(98,'Mollitia expedita laudantium culpa id voluptatem aut molestiae explicabo.',75551,98,98),(99,'Commodi voluptas est sed ullam magni aut fugiat.',67219,99,99),(100,'Odit natus similique vitae quia.',44675,100,100);
/*!40000 ALTER TABLE `videos` ENABLE KEYS */;
UNLOCK TABLES;
/*!40103 SET TIME_ZONE=@OLD_TIME_ZONE */;



/*!40101 SET SQL_MODE=@OLD_SQL_MODE */;
/*!40014 SET FOREIGN_KEY_CHECKS=@OLD_FOREIGN_KEY_CHECKS */;
/*!40014 SET UNIQUE_CHECKS=@OLD_UNIQUE_CHECKS */;
/*!40101 SET CHARACTER_SET_CLIENT=@OLD_CHARACTER_SET_CLIENT */;
/*!40101 SET CHARACTER_SET_RESULTS=@OLD_CHARACTER_SET_RESULTS */;
/*!40101 SET COLLATION_CONNECTION=@OLD_COLLATION_CONNECTION */;
/*!40111 SET SQL_NOTES=@OLD_SQL_NOTES */;

-- Dump completed on 2021-05-18 17:02:41



-- №2
SELECT firstname
	FROM users
	ORDER BY firstname;

-- №3
ALTER TABLE profiles
ADD COLUMN is_active BIT(1) default 1;

UPDATE profiles
	SET is_active = 0
	WHERE TIMESTAMPDIFF(YEAR, birthday, NOW()) < 18;

-- №4
DELETE FROM messages
	WHERE created_at > NOW();












